customer_id,company_name,segment,country,signup_date,acquisition_channel,is_active
CUST-a07cc8f7,Company 0,Mid-Market,Canada,2026-02-23 21:53:56,Outbound Sales,False
CUST-4eccd2dc,Company 1,Enterprise,Australia,2025-12-03 15:58:30,Paid Social,True
CUST-4a794178,Company 2,Mid-Market,Germany,2026-02-25 09:14:42,Referral,True
CUST-60a69ed7,Company 3,Startup,Canada,2026-04-07 05:59:59,Paid Social,True
CUST-8d3c56ad,Company 4,SMB,UK,2025-01-07 00:39:48,Outbound Sales,False
CUST-67b36926,Company 5,Startup,Germany,2024-10-09 03:14:52,Organic Search,True
CUST-e53bb614,Company 6,Startup,UK,2025-06-26 05:58:41,Direct,False
CUST-cff0fb9f,Company 7,SMB,UK,2025-03-13 11:13:50,Outbound Sales,True
CUST-1d6d4546,Company 8,Startup,USA,2025-11-16 05:00:18,Organic Search,False
CUST-157548fe,Company 9,Startup,Australia,2025-03-08 10:41:38,Referral,False
CUST-d8eea41c,Company 10,SMB,Germany,2025-04-11 02:41:51,Paid Social,False
CUST-9e152d50,Company 11,SMB,UK,2025-02-09 14:07:08,Paid Social,True
CUST-fed1b9aa,Company 12,SMB,USA,2025-05-09 03:24:43,Paid Social,True
CUST-cc51e181,Company 13,SMB,Canada,2024-08-27 11:11:59,Referral,False
CUST-a4c00b65,Company 14,SMB,Germany,2025-01-08 23:18:07,Organic Search,True
CUST-1293971b,Company 15,SMB,UK,2025-09-30 05:24:42,Referral,True
CUST-2312a5f5,Company 16,Startup,Australia,2025-01-09 13:31:25,Paid Social,True
CUST-f0b4634e,Company 17,Startup,USA,2025-08-25 02:11:24,Outbound Sales,False
CUST-8c9a6e0e,Company 18,Enterprise,UK,2024-07-04 16:21:45,Direct,True
CUST-6579ef42,Company 19,SMB,Australia,2024-10-16 12:32:47,Referral,True
CUST-64f26197,Company 20,Enterprise,UK,2024-12-08 15:45:07,Referral,False
CUST-1986c02d,Company 21,SMB,Germany,2024-06-29 08:32:53,Organic Search,True
CUST-393f2efd,Company 22,SMB,Germany,2025-08-09 01:28:29,Organic Search,False
CUST-0d35638f,Company 23,Startup,Germany,2024-06-15 17:42:49,Referral,True
CUST-d1e8f192,Company 24,SMB,USA,2025-09-14 15:23:03,Paid Social,True
CUST-39c5c936,Company 25,Startup,Germany,2025-06-01 13:59:47,Direct,True
CUST-25504fb1,Company 26,Startup,Australia,2025-12-02 03:51:08,Organic Search,True
CUST-0e4dcb34,Company 27,Mid-Market,UK,2025-06-15 00:03:04,Paid Social,False
CUST-15443e30,Company 28,Startup,Canada,2025-05-09 06:04:19,Outbound Sales,True
CUST-b08ba3df,Company 29,SMB,Australia,2024-08-29 06:33:53,Organic Search,True
CUST-20f561ee,Company 30,SMB,Australia,2025-08-04 22:50:21,Paid Social,True
CUST-838d92f2,Company 31,SMB,Germany,2025-04-24 07:02:44,Paid Social,True
CUST-a83a44f1,Company 32,Startup,USA,2025-09-20 14:36:51,Direct,True
CUST-bf7862a2,Company 33,Startup,UK,2025-05-12 17:48:32,Direct,True
CUST-e3043802,Company 34,Startup,USA,2025-09-16 02:11:20,Outbound Sales,True
CUST-effd6b96,Company 35,Startup,UK,2025-08-05 20:34:58,Paid Social,False
CUST-14f64b4e,Company 36,Startup,UK,2024-09-08 04:51:30,Paid Social,True
CUST-22b52c4f,Company 37,Startup,USA,2025-08-10 03:33:42,Direct,True
CUST-18972023,Company 38,Startup,Australia,2026-04-28 12:27:45,Organic Search,True
CUST-ab3fce0e,Company 39,Startup,UK,2025-10-31 14:25:55,Organic Search,False
CUST-2bec3482,Company 40,SMB,USA,2025-01-11 20:25:55,Referral,True
CUST-f33cdeae,Company 41,Mid-Market,UK,2025-04-20 08:14:31,Direct,True
CUST-d3049f0d,Company 42,Startup,Canada,2026-04-05 00:43:18,Referral,True
CUST-7e569d59,Company 43,SMB,Australia,2024-10-01 10:07:17,Direct,False
CUST-4b5db9a2,Company 44,SMB,Germany,2026-01-18 11:32:37,Outbound Sales,True
CUST-c85f1218,Company 45,Startup,UK,2024-11-19 04:27:50,Paid Social,False
CUST-da6178a8,Company 46,SMB,Canada,2025-07-29 23:10:13,Outbound Sales,True
CUST-3f3afc58,Company 47,SMB,Germany,2026-01-03 04:30:02,Direct,True
CUST-c5619696,Company 48,Startup,Germany,2025-05-13 23:06:43,Paid Social,False
CUST-c8cee490,Company 49,Startup,UK,2026-04-15 14:57:18,Organic Search,True
CUST-f56ac543,Company 50,SMB,USA,2026-04-27 20:58:51,Organic Search,False
CUST-f28c57a7,Company 51,Startup,UK,2026-04-18 08:44:07,Referral,False
CUST-fc0f2afe,Company 52,Startup,Canada,2026-03-16 23:15:28,Direct,False
CUST-3ff607db,Company 53,Mid-Market,Germany,2024-06-05 03:09:48,Direct,True
CUST-a2fa3106,Company 54,Enterprise,UK,2026-03-24 18:30:34,Organic Search,False
CUST-f7565743,Company 55,Startup,USA,2025-07-01 05:01:18,Outbound Sales,True
CUST-c17cd44f,Company 56,SMB,UK,2026-04-17 14:18:20,Paid Social,False
CUST-c36e825d,Company 57,SMB,Australia,2026-02-13 05:19:28,Outbound Sales,True
CUST-b732bac9,Company 58,SMB,USA,2024-09-11 20:46:54,Outbound Sales,False
CUST-b6091d18,Company 59,SMB,Canada,2026-02-26 10:19:21,Organic Search,True
CUST-f968ffd4,Company 60,SMB,Germany,2025-11-25 00:04:43,Organic Search,True
CUST-729d52cd,Company 61,SMB,UK,2024-12-27 18:01:20,Organic Search,True
CUST-252158d6,Company 62,SMB,USA,2026-01-19 18:05:07,Referral,False
CUST-241c7a18,Company 63,SMB,Australia,2024-06-16 04:59:17,Outbound Sales,True
CUST-5e25bac8,Company 64,Startup,USA,2025-12-01 19:18:33,Direct,True
CUST-95341009,Company 65,Mid-Market,Australia,2025-10-07 19:59:13,Paid Social,False
CUST-21a01016,Company 66,Startup,Canada,2025-05-27 17:19:28,Referral,True
CUST-1fae17f0,Company 67,SMB,Germany,2024-05-24 23:44:49,Direct,True
CUST-0e46328d,Company 68,Startup,Canada,2024-11-18 23:52:44,Outbound Sales,True
CUST-73c54221,Company 69,SMB,UK,2026-01-01 16:45:13,Organic Search,True
CUST-37b0c21c,Company 70,Startup,USA,2026-01-12 08:18:51,Outbound Sales,True
CUST-257d1f12,Company 71,Startup,Australia,2025-04-03 14:55:47,Paid Social,True
CUST-31ac8ccb,Company 72,SMB,Australia,2024-09-16 21:09:26,Referral,True
CUST-82ab6acd,Company 73,Startup,USA,2025-11-25 03:38:59,Referral,True
CUST-23274d83,Company 74,SMB,USA,2026-01-27 12:26:06,Paid Social,False
CUST-e494e648,Company 75,SMB,UK,2024-06-07 22:16:35,Direct,True
CUST-93c34c18,Company 76,Enterprise,Canada,2025-10-26 23:47:32,Direct,True
CUST-33a7d928,Company 77,SMB,Australia,2025-01-15 01:15:11,Referral,False
CUST-06fd7a27,Company 78,SMB,UK,2024-10-11 01:00:54,Referral,True
CUST-7347a208,Company 79,SMB,Canada,2024-07-21 01:49:46,Organic Search,True
CUST-4b3ac455,Company 80,Startup,UK,2024-10-07 15:44:37,Direct,False
CUST-8acbcead,Company 81,Mid-Market,Australia,2024-05-29 16:18:48,Paid Social,False
CUST-3d9964f1,Company 82,SMB,USA,2025-07-18 11:32:11,Direct,False
CUST-e8e5e21e,Company 83,SMB,USA,2025-10-05 01:52:09,Organic Search,False
CUST-374c23c6,Company 84,Mid-Market,Canada,2025-03-15 19:43:59,Referral,False
CUST-c442d9cb,Company 85,SMB,Germany,2025-01-29 13:01:15,Referral,True
CUST-8c295b27,Company 86,Startup,Canada,2024-10-18 02:51:01,Organic Search,False
CUST-b5b7994b,Company 87,SMB,Germany,2024-12-14 21:20:29,Paid Social,True
CUST-ebce25dd,Company 88,Mid-Market,UK,2025-01-02 11:06:53,Referral,False
CUST-470da9cf,Company 89,SMB,UK,2025-01-21 12:50:35,Outbound Sales,True
CUST-f8cb164d,Company 90,Enterprise,Australia,2026-02-12 05:42:37,Referral,True
CUST-d5305f3f,Company 91,Startup,Germany,2024-05-11 04:07:16,Outbound Sales,True
CUST-7d902217,Company 92,Mid-Market,Australia,2024-06-18 12:21:42,Organic Search,False
CUST-fb96cfa6,Company 93,SMB,USA,2026-04-11 21:52:41,Organic Search,True
CUST-2dea305b,Company 94,Startup,Germany,2025-08-23 15:53:21,Referral,False
CUST-1361be65,Company 95,SMB,Canada,2026-01-07 04:21:23,Direct,False
CUST-0ff1a569,Company 96,Startup,USA,2024-08-15 09:26:17,Outbound Sales,True
CUST-51ce21f7,Company 97,SMB,USA,2024-12-18 23:25:21,Paid Social,False
CUST-67f15de7,Company 98,Startup,Canada,2024-12-02 22:12:37,Referral,False
CUST-79cc65e2,Company 99,SMB,USA,2024-12-31 19:58:51,Paid Social,True
CUST-210315c9,Company 100,Startup,Germany,2024-11-30 07:43:33,Referral,True
CUST-89eea1da,Company 101,Mid-Market,Australia,2025-07-05 15:44:54,Direct,True
CUST-41cf9720,Company 102,Mid-Market,USA,2026-04-05 23:54:14,Direct,True
CUST-b2782c86,Company 103,Mid-Market,Germany,2025-10-05 09:31:11,Direct,True
CUST-12c3511e,Company 104,Startup,UK,2025-06-06 22:08:37,Direct,False
CUST-28186478,Company 105,Startup,Germany,2025-07-03 17:03:42,Organic Search,True
CUST-002c8f91,Company 106,Startup,Australia,2025-01-21 23:30:27,Organic Search,False
CUST-18cccd08,Company 107,Enterprise,Germany,2026-04-02 20:09:52,Outbound Sales,True
CUST-6f9fd9b0,Company 108,Startup,Canada,2025-06-12 01:05:25,Paid Social,True
CUST-54a0ea95,Company 109,SMB,Australia,2026-02-04 19:47:11,Referral,False
CUST-6b84f5cb,Company 110,SMB,UK,2024-06-15 23:46:52,Referral,False
CUST-a71e33a2,Company 111,Mid-Market,Canada,2026-03-18 22:15:03,Organic Search,True
CUST-d0597e51,Company 112,Startup,Germany,2026-02-10 12:43:48,Referral,True
CUST-11fe014c,Company 113,Mid-Market,Australia,2025-02-16 13:38:49,Organic Search,True
CUST-3a2f46a8,Company 114,SMB,UK,2025-07-01 16:27:50,Outbound Sales,True
CUST-d4954121,Company 115,Startup,Canada,2024-06-07 11:21:48,Paid Social,True
CUST-d0540de0,Company 116,Mid-Market,UK,2025-07-10 20:01:51,Outbound Sales,True
CUST-98250881,Company 117,SMB,Germany,2026-02-13 10:10:57,Direct,True
CUST-29532b87,Company 118,SMB,UK,2026-01-01 00:38:08,Direct,False
CUST-697fb224,Company 119,SMB,USA,2026-02-27 09:20:19,Direct,True
CUST-e3d81fb5,Company 120,SMB,Canada,2025-11-28 00:19:31,Outbound Sales,True
CUST-f4e40638,Company 121,SMB,UK,2025-10-05 17:29:40,Referral,True
CUST-82bb2dde,Company 122,Startup,Germany,2024-05-22 21:36:00,Paid Social,False
CUST-873655c3,Company 123,SMB,Germany,2025-01-27 13:59:02,Direct,False
CUST-77d9bbc4,Company 124,SMB,UK,2025-07-30 06:14:28,Direct,True
CUST-99f70836,Company 125,Startup,Germany,2025-12-28 01:35:20,Direct,False
CUST-b8d5d65d,Company 126,SMB,Australia,2024-05-08 14:13:04,Paid Social,True
CUST-12ad2a90,Company 127,SMB,Australia,2024-09-09 21:27:58,Direct,True
CUST-cfb9eb6b,Company 128,SMB,Australia,2024-07-22 21:46:08,Paid Social,True
CUST-76e2586a,Company 129,SMB,USA,2025-04-02 02:18:23,Direct,True
CUST-94f9c8ec,Company 130,SMB,UK,2024-12-05 14:50:00,Outbound Sales,False
CUST-9ad7f12d,Company 131,Startup,USA,2025-11-16 13:26:27,Outbound Sales,False
CUST-0ce5278a,Company 132,Startup,Germany,2026-01-06 09:19:27,Paid Social,True
CUST-70bf715e,Company 133,SMB,USA,2025-02-06 12:45:35,Outbound Sales,True
CUST-2ff35a77,Company 134,SMB,Germany,2026-04-07 22:29:42,Paid Social,True
CUST-a2d06777,Company 135,SMB,Germany,2024-10-02 05:44:02,Outbound Sales,True
CUST-9b950050,Company 136,Startup,Canada,2025-11-22 20:37:30,Outbound Sales,True
CUST-7b59527e,Company 137,Enterprise,Australia,2024-11-09 13:28:08,Paid Social,True
CUST-a2855369,Company 138,SMB,Germany,2025-06-20 11:48:47,Referral,True
CUST-b280ea0c,Company 139,SMB,Canada,2025-09-29 21:52:58,Outbound Sales,True
CUST-83b6174e,Company 140,SMB,Australia,2025-07-25 17:11:22,Direct,True
CUST-4c370882,Company 141,Startup,Germany,2025-02-12 15:46:00,Referral,True
CUST-8812ecaa,Company 142,Mid-Market,Germany,2026-01-04 23:41:06,Paid Social,False
CUST-7585c993,Company 143,Startup,USA,2025-12-02 21:54:36,Referral,True
CUST-3e941003,Company 144,Mid-Market,USA,2024-12-14 00:53:21,Organic Search,False
CUST-a5b9e2d2,Company 145,Startup,Australia,2025-10-09 14:22:09,Organic Search,True
CUST-52d3a722,Company 146,Mid-Market,Germany,2025-03-26 20:19:12,Outbound Sales,False
CUST-d55633d5,Company 147,Enterprise,UK,2025-07-14 23:39:31,Outbound Sales,False
CUST-269c8bb3,Company 148,Startup,USA,2024-11-09 08:47:26,Direct,True
CUST-18f6746b,Company 149,Startup,Australia,2025-03-16 15:10:24,Referral,True
CUST-641f052f,Company 150,Startup,Germany,2026-03-31 03:32:47,Organic Search,False
CUST-95921fac,Company 151,SMB,Germany,2025-12-23 02:19:15,Outbound Sales,True
CUST-4f381d83,Company 152,Startup,UK,2024-09-22 20:57:29,Referral,True
CUST-05913c5b,Company 153,Enterprise,Australia,2024-07-29 13:12:24,Outbound Sales,True
CUST-1eaf0934,Company 154,Startup,Germany,2024-06-29 15:16:23,Outbound Sales,True
CUST-480c2bf3,Company 155,SMB,USA,2025-11-27 20:56:46,Organic Search,True
CUST-6fe49841,Company 156,Startup,UK,2026-04-09 07:18:06,Organic Search,False
CUST-e1a70fb3,Company 157,Startup,Australia,2026-01-23 22:33:57,Outbound Sales,True
CUST-f9282818,Company 158,Startup,UK,2026-01-28 12:24:15,Paid Social,True
CUST-b2374eba,Company 159,SMB,USA,2025-08-31 20:10:36,Outbound Sales,False
CUST-485037d0,Company 160,SMB,Australia,2025-10-29 16:31:54,Outbound Sales,True
CUST-390aad33,Company 161,Startup,UK,2026-02-21 20:21:23,Direct,False
CUST-5582fbd4,Company 162,SMB,Canada,2026-01-22 06:15:27,Direct,True
CUST-fa064337,Company 163,Startup,USA,2025-08-03 05:30:21,Direct,True
CUST-d2c3ccf3,Company 164,Startup,USA,2026-01-05 02:58:58,Paid Social,False
CUST-01c1b3af,Company 165,Mid-Market,USA,2026-04-22 06:48:26,Paid Social,True
CUST-c53a589d,Company 166,Startup,Canada,2024-10-27 06:25:28,Outbound Sales,False
CUST-91afd737,Company 167,SMB,Canada,2025-06-06 01:44:26,Direct,False
CUST-d7165763,Company 168,Startup,Germany,2025-09-28 00:38:20,Paid Social,False
CUST-2f40beef,Company 169,Startup,UK,2024-10-02 06:31:34,Organic Search,True
CUST-a4a5bf48,Company 170,Mid-Market,Germany,2025-09-23 01:59:01,Outbound Sales,False
CUST-3426af85,Company 171,SMB,UK,2025-01-19 17:17:14,Referral,True
CUST-23827ded,Company 172,Startup,Canada,2025-10-26 03:40:08,Outbound Sales,True
CUST-3f4fa17d,Company 173,SMB,Canada,2024-10-03 03:18:52,Referral,False
CUST-ac1c73a7,Company 174,SMB,Germany,2026-04-23 23:06:25,Direct,True
CUST-fb94d4a9,Company 175,SMB,Australia,2024-07-27 01:19:10,Referral,False
CUST-1c2cd049,Company 176,SMB,Germany,2025-01-28 14:05:10,Direct,False
CUST-395defca,Company 177,SMB,UK,2025-03-05 16:24:05,Organic Search,False
CUST-9a3b48e9,Company 178,SMB,Germany,2025-08-19 07:49:18,Referral,True
CUST-05d63ff4,Company 179,SMB,USA,2025-08-07 13:03:46,Outbound Sales,False
CUST-7ecb117c,Company 180,Startup,UK,2025-04-26 08:34:40,Direct,True
CUST-6ad3dab4,Company 181,Mid-Market,UK,2025-05-17 17:39:50,Outbound Sales,False
CUST-30abdbd5,Company 182,Mid-Market,Australia,2025-02-13 16:26:14,Paid Social,True
CUST-50106902,Company 183,Enterprise,Canada,2024-07-22 09:03:45,Direct,True
CUST-6f768d39,Company 184,Mid-Market,UK,2025-09-06 21:27:29,Referral,True
CUST-a5d80f22,Company 185,SMB,Canada,2024-08-07 07:38:59,Direct,True
CUST-1cf2bfe8,Company 186,Startup,Germany,2026-04-10 23:59:32,Outbound Sales,True
CUST-cb4993fd,Company 187,Startup,USA,2026-04-14 20:47:06,Organic Search,False
CUST-e3d76283,Company 188,Mid-Market,Australia,2024-05-16 22:23:18,Direct,True
CUST-71b72754,Company 189,Startup,Canada,2025-01-18 11:11:51,Referral,True
CUST-f82b9461,Company 190,Startup,UK,2025-11-26 05:45:34,Paid Social,True
CUST-d7976cee,Company 191,SMB,Canada,2025-04-02 02:50:48,Organic Search,True
CUST-4508c30d,Company 192,Startup,UK,2024-08-08 06:52:59,Paid Social,True
CUST-76129672,Company 193,Startup,Canada,2024-06-15 13:54:28,Direct,True
CUST-07db41f2,Company 194,SMB,UK,2025-07-08 01:50:47,Outbound Sales,True
CUST-8fc2cf72,Company 195,SMB,Germany,2025-06-10 12:10:03,Outbound Sales,True
CUST-32156fa6,Company 196,Startup,UK,2024-07-12 11:13:57,Referral,True
CUST-8840b251,Company 197,Startup,UK,2026-04-20 10:42:04,Outbound Sales,True
CUST-8c1f7550,Company 198,Enterprise,USA,2025-10-20 07:17:18,Organic Search,True
CUST-e71a1c4d,Company 199,Startup,UK,2024-11-29 11:22:44,Outbound Sales,False
CUST-92903394,Company 200,Startup,USA,2025-07-09 02:10:46,Referral,False
CUST-84a7174e,Company 201,Startup,Australia,2025-02-07 23:22:42,Direct,True
CUST-42b59214,Company 202,Startup,USA,2025-09-19 12:31:55,Direct,False
CUST-ec953494,Company 203,Startup,Germany,2025-01-29 03:40:20,Outbound Sales,True
CUST-e3e3592f,Company 204,Mid-Market,USA,2026-04-27 19:49:11,Paid Social,True
CUST-a5913280,Company 205,SMB,Australia,2025-01-17 07:35:58,Direct,False
CUST-a6d8914a,Company 206,Startup,Germany,2025-07-04 15:14:26,Outbound Sales,True
CUST-75e56eed,Company 207,Startup,Canada,2025-05-05 03:52:42,Referral,False
CUST-ca4038c8,Company 208,SMB,Canada,2025-01-10 03:35:09,Outbound Sales,True
CUST-b2e8a8b6,Company 209,SMB,USA,2025-02-03 19:59:47,Direct,True
CUST-1fed86cc,Company 210,Startup,USA,2025-05-31 21:23:37,Referral,True
CUST-a2e57157,Company 211,SMB,Australia,2025-11-18 00:52:20,Outbound Sales,False
CUST-0892ede8,Company 212,Startup,Australia,2026-04-23 01:01:09,Organic Search,True
CUST-97ccc3a6,Company 213,Startup,UK,2025-06-29 18:41:20,Referral,False
CUST-ef12da28,Company 214,Startup,Australia,2025-12-12 20:03:24,Organic Search,True
CUST-2cdb970f,Company 215,SMB,UK,2025-12-29 19:16:45,Paid Social,True
CUST-8f01812d,Company 216,SMB,Germany,2024-10-24 12:23:15,Referral,True
CUST-55c1c32d,Company 217,SMB,USA,2025-04-10 21:50:43,Organic Search,True
CUST-04bc0165,Company 218,SMB,Germany,2025-09-30 01:12:11,Direct,False
CUST-459ef861,Company 219,SMB,Australia,2024-08-12 03:57:41,Direct,True
CUST-9ff16df5,Company 220,SMB,Germany,2025-06-23 15:20:53,Paid Social,False
CUST-db254b81,Company 221,Mid-Market,Germany,2025-06-14 07:01:54,Referral,False
CUST-a58cce88,Company 222,SMB,Germany,2025-12-17 20:16:23,Referral,True
CUST-88f7f923,Company 223,SMB,Australia,2025-10-15 05:20:17,Referral,True
CUST-27f71e62,Company 224,SMB,Germany,2026-01-29 23:45:18,Paid Social,True
CUST-1db39510,Company 225,SMB,UK,2025-02-03 18:09:55,Referral,True
CUST-2cb96aa1,Company 226,Startup,Australia,2026-01-21 18:46:08,Direct,True
CUST-45f05476,Company 227,Startup,Germany,2025-02-05 14:30:22,Organic Search,True
CUST-0a06a41b,Company 228,Mid-Market,Australia,2024-06-05 18:43:33,Direct,True
CUST-fa0d3e3e,Company 229,Startup,Canada,2024-06-10 16:12:40,Direct,True
CUST-04d2b634,Company 230,SMB,UK,2025-03-27 12:03:36,Organic Search,True
CUST-b52b7229,Company 231,Startup,Germany,2025-08-07 14:56:16,Direct,True
CUST-48ea0520,Company 232,SMB,Canada,2025-04-24 05:37:54,Paid Social,True
CUST-70013441,Company 233,Startup,Canada,2025-01-23 03:34:45,Organic Search,False
CUST-5cf28984,Company 234,Startup,Australia,2024-06-02 21:26:40,Direct,True
CUST-75fb96a4,Company 235,Startup,Canada,2025-02-06 03:59:07,Outbound Sales,True
CUST-045b5c6a,Company 236,Startup,UK,2025-07-20 09:54:44,Direct,False
CUST-b25b991a,Company 237,Mid-Market,UK,2024-07-14 09:53:04,Paid Social,True
CUST-1847564d,Company 238,SMB,USA,2025-06-05 01:08:42,Referral,True
CUST-10f295c4,Company 239,Startup,UK,2025-04-18 14:49:34,Direct,True
CUST-2d24aeb0,Company 240,SMB,Canada,2025-06-29 21:10:53,Referral,True
CUST-d0f6655e,Company 241,Startup,UK,2025-10-24 06:38:23,Outbound Sales,True
CUST-39bae39b,Company 242,Mid-Market,Australia,2024-09-26 04:10:26,Direct,True
CUST-10df7b4d,Company 243,SMB,USA,2025-11-13 20:12:16,Organic Search,True
CUST-1c36a977,Company 244,SMB,Canada,2024-05-30 15:25:09,Referral,True
CUST-c48f09e0,Company 245,SMB,USA,2024-10-21 22:37:48,Outbound Sales,False
CUST-b40964f3,Company 246,Startup,Canada,2025-01-08 09:31:36,Organic Search,False
CUST-bb268ae6,Company 247,SMB,Australia,2025-10-11 12:06:34,Organic Search,True
CUST-225426fb,Company 248,SMB,USA,2024-11-12 07:04:33,Organic Search,False
CUST-a62e08c3,Company 249,SMB,Germany,2025-08-22 18:49:39,Organic Search,True
CUST-a5a397c9,Company 250,SMB,Canada,2025-09-04 17:26:07,Direct,True
CUST-1a75e1e2,Company 251,Startup,Germany,2025-01-31 22:38:30,Direct,False
CUST-4ce1d78c,Company 252,Enterprise,USA,2025-12-27 14:08:18,Direct,True
CUST-0621a120,Company 253,SMB,Germany,2025-10-22 01:42:37,Outbound Sales,True
CUST-1e68979c,Company 254,SMB,Germany,2024-05-08 17:34:47,Outbound Sales,True
CUST-739b99b6,Company 255,Startup,USA,2024-10-12 09:20:55,Outbound Sales,True
CUST-385ee64c,Company 256,SMB,Australia,2025-11-17 02:56:47,Paid Social,False
CUST-53cd160c,Company 257,Startup,Germany,2026-02-23 18:09:15,Outbound Sales,False
CUST-6f4c65d6,Company 258,Startup,Germany,2024-12-05 12:33:12,Direct,False
CUST-200e7ffc,Company 259,SMB,Australia,2024-09-03 22:40:21,Direct,False
CUST-381412c1,Company 260,SMB,Germany,2024-10-05 18:01:44,Paid Social,True
CUST-1be98686,Company 261,SMB,Germany,2024-11-18 15:52:49,Paid Social,True
CUST-02f5590b,Company 262,SMB,Germany,2025-08-14 10:32:43,Outbound Sales,True
CUST-3dc1d8a9,Company 263,Startup,UK,2026-01-19 10:57:39,Referral,True
CUST-3574d946,Company 264,Startup,Australia,2024-08-04 14:58:29,Paid Social,True
CUST-2f56f6fd,Company 265,Mid-Market,Germany,2025-07-19 16:30:54,Organic Search,False
CUST-a828d88f,Company 266,Mid-Market,Australia,2026-02-06 23:17:45,Direct,True
CUST-d9ee5046,Company 267,SMB,Canada,2025-08-05 15:43:22,Organic Search,True
CUST-975b7b01,Company 268,Startup,Canada,2024-11-23 00:44:56,Direct,True
CUST-9dedf808,Company 269,SMB,Germany,2025-05-13 23:02:20,Direct,True
CUST-f8fb1ecf,Company 270,Mid-Market,Australia,2024-11-02 12:14:00,Paid Social,False
CUST-fd42933e,Company 271,Startup,Australia,2026-03-03 10:15:43,Paid Social,True
CUST-16fd33b4,Company 272,Startup,Australia,2025-02-12 05:45:12,Organic Search,True
CUST-12268b19,Company 273,Enterprise,UK,2024-07-04 11:47:30,Direct,False
CUST-5d983e75,Company 274,Startup,Canada,2024-05-17 10:29:28,Organic Search,True
CUST-35a1af68,Company 275,Startup,Australia,2025-06-02 23:51:53,Referral,True
CUST-39c8797c,Company 276,SMB,Australia,2024-09-18 04:48:25,Organic Search,True
CUST-3df46b96,Company 277,Mid-Market,UK,2024-12-31 23:44:51,Outbound Sales,False
CUST-1eca5402,Company 278,Mid-Market,UK,2024-12-22 21:06:21,Organic Search,True
CUST-38da02df,Company 279,Mid-Market,Australia,2024-08-05 12:58:22,Outbound Sales,False
CUST-ec770be1,Company 280,Startup,USA,2026-02-14 07:49:16,Outbound Sales,False
CUST-ad20f27e,Company 281,Startup,Australia,2024-07-12 16:55:19,Outbound Sales,True
CUST-595ad990,Company 282,Mid-Market,Australia,2024-08-16 05:39:04,Referral,False
CUST-aed85c86,Company 283,SMB,UK,2025-08-15 21:11:52,Organic Search,False
CUST-8771648f,Company 284,Mid-Market,UK,2025-01-20 20:48:42,Organic Search,False
CUST-9bfeaf09,Company 285,Mid-Market,Australia,2025-07-20 23:45:25,Referral,False
CUST-bcd07dbd,Company 286,Startup,Australia,2024-12-06 06:45:45,Direct,True
CUST-9916440a,Company 287,SMB,Australia,2025-01-15 10:36:51,Paid Social,True
CUST-07c6a0ab,Company 288,SMB,UK,2025-10-01 04:54:09,Organic Search,True
CUST-281af038,Company 289,SMB,Australia,2024-07-10 10:17:27,Paid Social,True
CUST-5b17f869,Company 290,Startup,Australia,2025-03-03 04:28:13,Referral,True
CUST-a06933a8,Company 291,SMB,Germany,2025-05-24 19:32:07,Direct,False
CUST-4f5c984d,Company 292,Startup,USA,2026-05-02 09:21:18,Direct,False
CUST-c248e070,Company 293,SMB,Canada,2024-05-20 23:27:23,Direct,True
CUST-f05429de,Company 294,Startup,USA,2024-09-20 15:37:50,Referral,False
CUST-58517ba4,Company 295,Startup,Germany,2025-12-06 15:21:06,Outbound Sales,False
CUST-7ba5eb94,Company 296,Mid-Market,Canada,2025-10-01 00:29:03,Outbound Sales,True
CUST-30a813ac,Company 297,SMB,Australia,2024-10-17 04:58:58,Paid Social,True
CUST-4c73002d,Company 298,Startup,Germany,2025-05-30 00:24:08,Outbound Sales,True
CUST-f9733209,Company 299,Startup,Australia,2025-08-21 14:24:22,Outbound Sales,False
CUST-253a8c4e,Company 300,SMB,UK,2025-03-15 10:45:17,Direct,True
CUST-8f614fa8,Company 301,SMB,Germany,2025-06-29 23:54:23,Direct,True
CUST-bbeb6ca0,Company 302,Startup,UK,2024-07-24 02:35:08,Paid Social,True
CUST-9b8bf8aa,Company 303,SMB,Germany,2025-05-06 04:48:11,Organic Search,False
CUST-b449ab24,Company 304,Enterprise,Germany,2026-05-07 10:20:41,Paid Social,False
CUST-8021db8b,Company 305,Startup,UK,2025-07-06 00:57:01,Paid Social,False
CUST-1568ca8a,Company 306,SMB,Canada,2025-06-19 14:55:41,Referral,False
CUST-72549b3c,Company 307,SMB,USA,2024-12-18 22:45:54,Referral,False
CUST-e3ac997b,Company 308,Mid-Market,Australia,2024-11-19 11:31:34,Paid Social,False
CUST-368659eb,Company 309,Enterprise,Germany,2026-01-02 17:44:39,Paid Social,False
CUST-c5dce991,Company 310,SMB,Australia,2024-07-20 02:32:07,Paid Social,False
CUST-4c76a787,Company 311,Startup,UK,2025-04-29 19:41:44,Outbound Sales,True
CUST-e323b3df,Company 312,SMB,Australia,2025-09-21 17:29:04,Referral,True
CUST-5267af3a,Company 313,SMB,UK,2025-06-23 15:06:59,Paid Social,True
CUST-cf28f116,Company 314,SMB,Australia,2025-06-19 14:08:18,Direct,True
CUST-0dd5708f,Company 315,SMB,USA,2026-05-05 22:59:41,Direct,True
CUST-dd981b81,Company 316,Startup,USA,2025-06-25 06:10:47,Outbound Sales,True
CUST-8c8491e8,Company 317,SMB,USA,2025-08-24 12:32:52,Outbound Sales,False
CUST-07494671,Company 318,SMB,USA,2026-05-04 05:35:22,Organic Search,False
CUST-896ee212,Company 319,Startup,USA,2026-02-01 17:21:47,Organic Search,False
CUST-8600900e,Company 320,SMB,USA,2026-03-08 01:42:43,Organic Search,True
CUST-53f0fd40,Company 321,Mid-Market,UK,2025-02-14 20:17:22,Outbound Sales,True
CUST-c4348b86,Company 322,SMB,Germany,2024-07-21 03:30:03,Outbound Sales,True
CUST-fb11a701,Company 323,SMB,Australia,2024-06-24 21:18:34,Outbound Sales,True
CUST-469f5824,Company 324,SMB,USA,2025-06-10 22:15:13,Direct,True
CUST-d5fc1c8d,Company 325,SMB,UK,2025-12-30 04:11:06,Outbound Sales,True
CUST-23598ab7,Company 326,Startup,UK,2026-01-25 16:04:38,Direct,False
CUST-ceb1a1d7,Company 327,SMB,UK,2025-05-28 01:40:58,Organic Search,False
CUST-cc3da635,Company 328,SMB,Germany,2025-01-07 09:36:43,Organic Search,True
CUST-4d4bcad4,Company 329,Startup,Australia,2024-12-20 02:20:39,Organic Search,True
CUST-f7c27cb5,Company 330,SMB,Germany,2024-09-05 15:35:58,Paid Social,True
CUST-f7a162ca,Company 331,Startup,Canada,2024-09-08 20:59:55,Paid Social,True
CUST-777cb48a,Company 332,SMB,UK,2024-10-05 07:30:08,Referral,False
CUST-a7107470,Company 333,SMB,Canada,2024-10-25 21:59:20,Referral,True
CUST-3c8ebac5,Company 334,Startup,USA,2025-04-18 08:43:43,Referral,True
CUST-5c355706,Company 335,SMB,USA,2025-12-12 09:25:43,Paid Social,True
CUST-1785b660,Company 336,SMB,Germany,2024-08-21 17:26:22,Paid Social,True
CUST-a0f2fb65,Company 337,SMB,Australia,2025-08-27 12:05:19,Referral,True
CUST-8ecd77bb,Company 338,SMB,Canada,2026-01-20 10:40:24,Referral,False
CUST-d26a7eff,Company 339,Startup,Australia,2024-11-13 16:13:22,Outbound Sales,True
CUST-8fae7682,Company 340,Mid-Market,Germany,2026-02-10 08:14:43,Referral,True
CUST-52b3bf45,Company 341,SMB,USA,2024-06-18 20:06:40,Outbound Sales,True
CUST-653cfeaf,Company 342,Mid-Market,Australia,2024-11-27 18:20:32,Direct,True
CUST-0fbbd2e8,Company 343,Startup,Australia,2025-02-27 15:12:09,Paid Social,False
CUST-820f1ab0,Company 344,SMB,USA,2024-09-25 03:21:18,Referral,True
CUST-8b95d79f,Company 345,Startup,Canada,2025-09-26 23:16:06,Paid Social,True
CUST-921032b2,Company 346,SMB,USA,2024-09-01 07:34:13,Paid Social,True
CUST-940f6416,Company 347,Startup,Australia,2025-06-23 20:17:05,Paid Social,True
CUST-75884b94,Company 348,Startup,Canada,2025-06-06 19:20:26,Direct,True
CUST-43a0ce45,Company 349,Startup,Canada,2025-09-07 04:29:18,Organic Search,True
CUST-fa7d9654,Company 350,Startup,USA,2024-11-09 15:30:27,Referral,True
CUST-557422e6,Company 351,SMB,Australia,2024-10-08 03:06:15,Organic Search,False
CUST-4f5ca6e5,Company 352,SMB,Germany,2024-12-28 18:24:49,Organic Search,True
CUST-421c11b1,Company 353,SMB,Australia,2026-03-06 01:19:03,Organic Search,False
CUST-7cc11a95,Company 354,Mid-Market,UK,2025-06-25 21:41:36,Paid Social,True
CUST-3c82bab1,Company 355,SMB,Germany,2024-06-27 06:39:07,Outbound Sales,False
CUST-d495b985,Company 356,SMB,Canada,2026-04-05 05:46:59,Paid Social,False
CUST-87e2b64f,Company 357,SMB,Germany,2025-10-28 08:19:20,Paid Social,True
CUST-5e26171b,Company 358,SMB,Canada,2025-05-14 17:21:29,Organic Search,False
CUST-20e8e835,Company 359,Startup,Canada,2025-12-19 12:27:04,Paid Social,True
CUST-e9c000e8,Company 360,SMB,Germany,2026-01-09 04:20:37,Organic Search,False
CUST-2b5ee006,Company 361,Startup,Canada,2025-03-31 15:41:23,Outbound Sales,True
CUST-b01a91eb,Company 362,Startup,Canada,2025-11-26 15:21:00,Referral,True
CUST-4893d265,Company 363,Startup,UK,2025-09-06 20:10:36,Organic Search,True
CUST-7e94a4d4,Company 364,Startup,Australia,2025-05-22 15:07:35,Outbound Sales,False
CUST-e1a510a8,Company 365,Startup,Australia,2025-06-14 18:01:54,Referral,True
CUST-34a0e933,Company 366,Startup,UK,2024-07-07 00:45:02,Direct,True
CUST-2d15f874,Company 367,Startup,Germany,2025-11-01 02:32:00,Organic Search,False
CUST-63df3232,Company 368,Mid-Market,USA,2026-02-25 12:07:28,Organic Search,False
CUST-cd61f08a,Company 369,SMB,USA,2025-02-03 10:07:54,Direct,True
CUST-10189bb1,Company 370,SMB,USA,2026-02-06 04:35:54,Direct,True
CUST-02dee19e,Company 371,Mid-Market,UK,2025-05-01 05:19:03,Organic Search,True
CUST-9036a783,Company 372,Startup,UK,2024-09-29 17:44:07,Direct,True
CUST-6f52debb,Company 373,Startup,Canada,2025-03-26 09:49:14,Paid Social,True
CUST-29cb4bc4,Company 374,Startup,USA,2026-01-23 02:19:23,Referral,False
CUST-869583e6,Company 375,Mid-Market,Germany,2025-12-29 20:16:47,Referral,True
CUST-19717f1e,Company 376,Startup,Germany,2026-03-29 03:49:33,Referral,True
CUST-0421d102,Company 377,Startup,USA,2026-04-16 10:10:23,Paid Social,True
CUST-85140b1c,Company 378,Startup,USA,2026-02-01 19:55:36,Direct,True
CUST-eb632adf,Company 379,Startup,USA,2024-07-16 22:48:15,Outbound Sales,True
CUST-c6e6948e,Company 380,Startup,UK,2025-04-29 20:50:19,Direct,True
CUST-58bc0e3f,Company 381,SMB,UK,2025-03-03 00:44:18,Organic Search,True
CUST-39c02ed4,Company 382,Startup,UK,2026-03-23 00:55:36,Referral,False
CUST-2c81fc6c,Company 383,SMB,Australia,2025-01-30 09:39:43,Direct,True
CUST-63ff6eae,Company 384,Enterprise,Germany,2024-11-27 08:56:27,Outbound Sales,False
CUST-d72aa413,Company 385,Startup,Germany,2025-06-06 04:29:49,Organic Search,False
CUST-86eb9733,Company 386,SMB,Canada,2026-01-31 05:56:15,Paid Social,True
CUST-92365cdd,Company 387,Startup,UK,2026-01-28 07:19:07,Paid Social,False
CUST-5b818179,Company 388,SMB,Australia,2024-09-12 08:45:09,Outbound Sales,True
CUST-28575fc5,Company 389,Startup,Australia,2025-08-08 05:07:06,Organic Search,True
CUST-133f3a90,Company 390,SMB,Germany,2026-02-08 16:10:47,Referral,False
CUST-61e2d5bb,Company 391,Startup,UK,2025-05-26 20:46:13,Direct,True
CUST-86bce810,Company 392,Startup,Canada,2024-09-15 22:25:52,Organic Search,True
CUST-6af6de79,Company 393,Mid-Market,UK,2025-05-03 12:18:02,Paid Social,False
CUST-68803630,Company 394,SMB,USA,2025-01-07 07:03:12,Outbound Sales,True
CUST-e2e7fb0b,Company 395,Startup,UK,2025-01-14 15:19:16,Outbound Sales,True
CUST-9d156c6b,Company 396,SMB,USA,2024-09-17 19:12:41,Direct,False
CUST-453bec4d,Company 397,Mid-Market,USA,2024-12-20 14:35:03,Outbound Sales,True
CUST-d0c81333,Company 398,SMB,Canada,2025-07-04 00:12:53,Outbound Sales,True
CUST-8d0bbd00,Company 399,SMB,Germany,2024-08-08 10:14:01,Organic Search,True
CUST-5cf11397,Company 400,Startup,UK,2024-07-08 14:29:45,Referral,True
CUST-86834069,Company 401,Startup,USA,2024-12-12 12:17:17,Direct,True
CUST-36b79217,Company 402,SMB,UK,2025-11-02 01:36:58,Organic Search,False
CUST-fb7ccfe1,Company 403,SMB,Germany,2025-11-22 13:17:27,Referral,True
CUST-4bf53012,Company 404,Startup,Germany,2025-09-21 05:27:48,Organic Search,True
CUST-d997f391,Company 405,SMB,Australia,2025-02-06 09:24:16,Organic Search,False
CUST-e4f386c7,Company 406,Mid-Market,Germany,2024-11-25 08:44:43,Outbound Sales,False
CUST-a011c7f1,Company 407,Startup,Canada,2025-08-01 02:43:04,Referral,True
CUST-34790521,Company 408,Startup,USA,2024-09-06 20:00:27,Direct,True
CUST-576a6834,Company 409,Startup,Australia,2024-09-27 21:31:36,Direct,True
CUST-ffac4fbf,Company 410,Startup,Canada,2025-08-24 04:52:53,Referral,True
CUST-b80da206,Company 411,SMB,UK,2026-02-08 06:33:16,Outbound Sales,True
CUST-a89aa326,Company 412,Startup,USA,2025-04-18 09:32:55,Paid Social,True
CUST-9ca0dce5,Company 413,SMB,Germany,2025-12-31 08:02:51,Organic Search,False
CUST-a63e2459,Company 414,Mid-Market,USA,2025-04-25 15:49:35,Outbound Sales,False
CUST-3973e310,Company 415,SMB,UK,2025-07-29 19:27:19,Referral,True
CUST-7d29f900,Company 416,SMB,Australia,2025-09-06 23:07:11,Organic Search,True
CUST-c310eb04,Company 417,Startup,Australia,2025-02-04 02:38:22,Direct,True
CUST-e667d33f,Company 418,Mid-Market,Australia,2024-08-24 21:17:14,Paid Social,True
CUST-abe1dd1e,Company 419,Mid-Market,Germany,2024-07-14 18:36:24,Direct,True
CUST-5f690e82,Company 420,SMB,Canada,2025-11-15 01:47:03,Referral,False
CUST-a3f05d61,Company 421,SMB,Canada,2025-02-20 18:32:24,Organic Search,True
CUST-3e1317e7,Company 422,Startup,USA,2025-11-20 06:23:03,Referral,True
CUST-0c79fd1f,Company 423,SMB,Germany,2025-07-20 04:13:06,Organic Search,False
CUST-80cd4335,Company 424,Startup,Australia,2025-06-26 15:34:34,Outbound Sales,True
CUST-0d133dfc,Company 425,SMB,Australia,2025-11-22 08:57:17,Paid Social,True
CUST-c9dd9b90,Company 426,SMB,UK,2024-05-30 23:35:09,Outbound Sales,True
CUST-81df718a,Company 427,Startup,UK,2025-08-28 23:19:33,Outbound Sales,True
CUST-794977b4,Company 428,SMB,Australia,2025-12-12 21:57:09,Referral,False
CUST-f2d7de45,Company 429,Startup,Australia,2024-12-05 19:38:37,Paid Social,True
CUST-2847936c,Company 430,SMB,Germany,2025-09-24 05:30:37,Organic Search,True
CUST-12fc3781,Company 431,SMB,Canada,2024-09-07 22:41:08,Organic Search,True
CUST-d46d5b57,Company 432,Startup,UK,2024-09-02 16:43:54,Direct,False
CUST-cc4bd76f,Company 433,Mid-Market,Canada,2024-07-17 16:35:25,Organic Search,True
CUST-6410fec5,Company 434,Mid-Market,Germany,2025-03-09 04:16:50,Referral,True
CUST-de7e4fce,Company 435,Startup,Australia,2026-01-20 08:47:46,Outbound Sales,True
CUST-54af7a95,Company 436,Mid-Market,Canada,2026-03-13 03:52:25,Outbound Sales,True
CUST-767089f3,Company 437,Startup,Australia,2025-03-18 14:41:48,Outbound Sales,True
CUST-3d61e833,Company 438,SMB,Australia,2024-09-16 02:47:17,Paid Social,True
CUST-13b8c521,Company 439,Startup,USA,2024-12-16 15:30:00,Organic Search,True
CUST-6272decb,Company 440,Startup,Canada,2026-04-24 01:06:59,Referral,True
CUST-371efbb7,Company 441,Startup,Canada,2026-01-28 01:21:10,Paid Social,False
CUST-2f72cd77,Company 442,Startup,Australia,2025-06-16 19:13:27,Direct,True
CUST-5d8454e6,Company 443,SMB,Germany,2025-01-01 06:21:44,Referral,True
CUST-fff42b5f,Company 444,Startup,USA,2025-05-27 22:21:16,Referral,True
CUST-5fa6c1ff,Company 445,Mid-Market,Australia,2025-11-27 11:25:07,Referral,False
CUST-c01f14b8,Company 446,SMB,UK,2024-11-08 01:24:36,Outbound Sales,True
CUST-a5addeef,Company 447,SMB,UK,2025-08-23 11:33:47,Referral,False
CUST-64a133a1,Company 448,SMB,USA,2025-07-14 01:19:54,Organic Search,False
CUST-45fe449c,Company 449,Mid-Market,Germany,2024-09-30 15:03:51,Referral,True
CUST-ce6dffd2,Company 450,Startup,Australia,2025-01-03 23:39:52,Outbound Sales,False
CUST-2786c0ee,Company 451,Startup,Canada,2026-01-12 03:14:31,Referral,True
CUST-1e10058b,Company 452,Startup,USA,2025-01-23 07:00:56,Direct,True
CUST-b0dc4c0e,Company 453,Mid-Market,Germany,2025-09-25 20:27:47,Direct,False
CUST-326697ff,Company 454,Startup,Canada,2024-10-02 02:20:35,Outbound Sales,False
CUST-baae0571,Company 455,SMB,UK,2024-07-06 09:43:17,Organic Search,True
CUST-c926a6d7,Company 456,SMB,UK,2024-06-16 23:19:16,Organic Search,True
CUST-81e08ae1,Company 457,SMB,Canada,2026-03-31 18:07:01,Paid Social,True
CUST-8ba0aac4,Company 458,SMB,USA,2025-07-10 05:58:36,Outbound Sales,False
CUST-fc9d957b,Company 459,Startup,UK,2025-07-04 06:22:21,Referral,True
CUST-72ce1717,Company 460,SMB,Australia,2025-10-26 02:03:38,Outbound Sales,True
CUST-01dc4018,Company 461,SMB,Canada,2026-03-02 08:21:39,Paid Social,True
CUST-7932a1e3,Company 462,Mid-Market,Canada,2025-03-24 08:05:03,Outbound Sales,True
CUST-f7c1bf73,Company 463,Mid-Market,UK,2024-09-15 12:43:32,Outbound Sales,False
CUST-820adf0a,Company 464,Enterprise,USA,2025-03-17 15:43:04,Paid Social,True
CUST-32a51f59,Company 465,Startup,Australia,2025-02-24 19:36:37,Organic Search,False
CUST-be6c0338,Company 466,Enterprise,USA,2026-03-11 14:18:52,Referral,True
CUST-a2649b20,Company 467,Mid-Market,Germany,2025-09-06 19:28:54,Paid Social,False
CUST-3a76f556,Company 468,SMB,Germany,2025-10-11 17:35:54,Direct,True
CUST-d2b7c299,Company 469,Startup,UK,2025-12-04 17:58:43,Organic Search,True
CUST-07cf040b,Company 470,Startup,UK,2025-08-11 07:34:16,Direct,True
CUST-27767125,Company 471,Startup,UK,2026-02-05 14:47:39,Organic Search,True
CUST-54d8602a,Company 472,Startup,Germany,2026-02-23 03:30:30,Referral,True
CUST-942e7df6,Company 473,SMB,USA,2025-07-20 13:41:40,Referral,False
CUST-41270615,Company 474,Mid-Market,USA,2025-09-21 23:40:28,Outbound Sales,True
CUST-cf23fc8d,Company 475,Startup,UK,2024-10-24 14:07:51,Direct,True
CUST-ad4da9cc,Company 476,Startup,Australia,2025-05-10 05:15:26,Organic Search,True
CUST-79fb01bf,Company 477,Startup,USA,2024-09-26 16:37:12,Referral,True
CUST-4fe61954,Company 478,Startup,Germany,2024-12-13 20:16:23,Paid Social,True
CUST-e52439c2,Company 479,Startup,Canada,2024-06-22 00:10:02,Referral,False
CUST-c447434b,Company 480,Startup,Canada,2026-02-25 07:49:43,Paid Social,False
CUST-5281147c,Company 481,Startup,Canada,2026-02-28 18:17:13,Organic Search,True
CUST-a48d523f,Company 482,Startup,Australia,2025-09-13 11:06:24,Referral,True
CUST-b262c7e6,Company 483,Startup,UK,2024-11-26 04:05:21,Referral,True
CUST-c80ec20a,Company 484,Startup,Germany,2026-04-17 21:02:46,Organic Search,True
CUST-f630b7cb,Company 485,Mid-Market,Australia,2024-05-31 01:09:33,Referral,True
CUST-326272c2,Company 486,Startup,Germany,2025-07-06 01:03:13,Paid Social,True
CUST-6aa56b12,Company 487,Enterprise,Germany,2025-06-16 18:11:38,Referral,True
CUST-93f866c4,Company 488,SMB,UK,2025-05-18 21:26:23,Direct,True
CUST-74a4f3b6,Company 489,Startup,Canada,2025-06-05 12:55:33,Outbound Sales,False
CUST-de60050e,Company 490,SMB,UK,2024-10-25 08:34:55,Paid Social,True
CUST-8814ab84,Company 491,SMB,Australia,2025-02-20 00:47:05,Direct,True
CUST-db5c39e2,Company 492,SMB,Australia,2025-02-12 00:07:19,Organic Search,True
CUST-affe792d,Company 493,Mid-Market,Australia,2025-02-14 07:44:45,Paid Social,True
CUST-1146373a,Company 494,Startup,UK,2024-12-01 00:02:30,Outbound Sales,False
CUST-4964b2a0,Company 495,Mid-Market,Germany,2024-09-19 11:23:30,Outbound Sales,False
CUST-a8f092de,Company 496,Mid-Market,Germany,2026-04-05 23:40:49,Organic Search,False
CUST-77c27dd5,Company 497,SMB,USA,2024-09-02 23:47:37,Organic Search,True
CUST-eb8582f4,Company 498,Startup,Australia,2025-09-19 15:38:25,Paid Social,False
CUST-8eabee1b,Company 499,Startup,Germany,2025-03-21 20:29:28,Referral,True
CUST-afe1817f,Company 500,Mid-Market,USA,2025-01-07 14:09:03,Organic Search,False
CUST-f9ab9616,Company 501,SMB,Germany,2025-08-24 01:19:52,Referral,True
CUST-00ccbaaf,Company 502,SMB,Australia,2025-12-06 17:23:44,Direct,False
CUST-fb21ad28,Company 503,Startup,Canada,2025-02-19 15:34:37,Outbound Sales,False
CUST-c02249c3,Company 504,Startup,Australia,2024-05-13 19:11:03,Referral,False
CUST-3d1aae80,Company 505,SMB,UK,2025-02-27 13:14:38,Outbound Sales,True
CUST-223b638a,Company 506,SMB,Germany,2026-01-11 13:00:36,Referral,True
CUST-295b22d6,Company 507,SMB,Germany,2026-01-18 17:10:38,Direct,False
CUST-fe33c02f,Company 508,Startup,UK,2026-03-11 15:33:05,Organic Search,True
CUST-f041083f,Company 509,SMB,UK,2026-02-25 02:37:46,Direct,False
CUST-01bbc282,Company 510,SMB,Canada,2025-03-12 13:46:49,Organic Search,True
CUST-19467c1d,Company 511,SMB,Germany,2025-05-25 15:52:16,Organic Search,True
CUST-ee7d4a62,Company 512,SMB,Germany,2024-08-22 08:11:27,Outbound Sales,False
CUST-e66dbb81,Company 513,Startup,Canada,2025-04-20 12:40:04,Direct,True
CUST-98b8d898,Company 514,SMB,USA,2024-10-27 11:30:27,Referral,True
CUST-7a1637ad,Company 515,Startup,Canada,2025-11-22 20:37:37,Direct,True
CUST-18ba9afa,Company 516,Startup,Australia,2025-01-20 18:23:26,Outbound Sales,True
CUST-93a589a8,Company 517,SMB,Germany,2024-07-22 09:37:20,Organic Search,False
CUST-e418053f,Company 518,SMB,UK,2024-09-28 21:46:35,Outbound Sales,True
CUST-999acb7c,Company 519,Startup,Australia,2024-07-17 14:57:08,Paid Social,False
CUST-340ab226,Company 520,SMB,Germany,2025-04-09 18:15:07,Paid Social,False
CUST-edc469d6,Company 521,SMB,Canada,2025-08-15 06:23:20,Referral,True
CUST-8259c960,Company 522,Startup,Australia,2025-07-01 15:00:47,Outbound Sales,False
CUST-e761dda1,Company 523,Enterprise,Germany,2026-04-27 04:16:23,Referral,True
CUST-01d5ceaa,Company 524,Mid-Market,USA,2025-03-10 04:22:29,Referral,True
CUST-baa4b6b3,Company 525,SMB,USA,2026-04-30 22:41:43,Paid Social,False
CUST-9ed70364,Company 526,Startup,UK,2024-11-17 13:46:13,Referral,True
CUST-120b89e4,Company 527,Mid-Market,Germany,2025-12-06 12:24:42,Paid Social,True
CUST-2e09394c,Company 528,Enterprise,USA,2025-09-10 16:10:22,Organic Search,True
CUST-64bc8e30,Company 529,Mid-Market,Canada,2025-12-25 03:21:10,Outbound Sales,True
CUST-4b727c7b,Company 530,Mid-Market,Germany,2024-06-06 00:06:11,Referral,True
CUST-06954d24,Company 531,Enterprise,Canada,2024-06-13 19:20:25,Paid Social,False
CUST-c39f3524,Company 532,SMB,Canada,2024-05-19 13:19:21,Direct,True
CUST-6ae6dcdf,Company 533,SMB,USA,2024-06-25 10:47:19,Referral,True
CUST-6c618d00,Company 534,SMB,Germany,2024-05-15 17:42:06,Organic Search,True
CUST-1417fc7c,Company 535,SMB,Australia,2024-05-15 12:55:50,Organic Search,True
CUST-2ea04158,Company 536,Mid-Market,USA,2024-12-27 06:42:53,Direct,True
CUST-61e0e121,Company 537,SMB,USA,2024-05-09 09:37:14,Paid Social,True
CUST-3994cebe,Company 538,SMB,Germany,2026-01-18 01:30:24,Referral,True
CUST-f10e7132,Company 539,Startup,Germany,2026-04-24 16:18:25,Paid Social,True
CUST-e7208065,Company 540,Enterprise,Canada,2025-11-25 10:56:22,Organic Search,True
CUST-e501afc8,Company 541,SMB,Germany,2026-02-17 18:39:17,Paid Social,True
CUST-03f0b11a,Company 542,SMB,Canada,2025-01-26 01:19:16,Organic Search,False
CUST-5627fb64,Company 543,Startup,USA,2025-10-27 07:39:25,Paid Social,False
CUST-25249848,Company 544,Startup,UK,2026-01-29 18:09:21,Direct,True
CUST-7be06199,Company 545,SMB,Australia,2024-06-28 05:00:01,Outbound Sales,False
CUST-325502d3,Company 546,SMB,USA,2024-05-20 12:30:00,Direct,False
CUST-67f76a10,Company 547,Startup,Germany,2025-03-07 04:02:19,Direct,True
CUST-e61849a6,Company 548,Enterprise,Australia,2025-05-20 01:32:49,Outbound Sales,True
CUST-59680fe2,Company 549,Mid-Market,UK,2025-09-22 03:02:53,Outbound Sales,False
CUST-0ecf9dd2,Company 550,SMB,UK,2025-03-21 16:47:34,Referral,False
CUST-e4444551,Company 551,Mid-Market,Canada,2024-06-17 13:42:37,Referral,True
CUST-03e33ccc,Company 552,Startup,Australia,2025-02-21 22:58:10,Direct,False
CUST-1fb78a82,Company 553,Startup,Canada,2024-08-18 10:54:11,Direct,True
CUST-0ce0256e,Company 554,SMB,USA,2026-04-11 11:41:48,Organic Search,False
CUST-042545cd,Company 555,SMB,Australia,2025-04-02 00:29:44,Organic Search,False
CUST-c03bf933,Company 556,Startup,USA,2024-12-11 04:30:04,Referral,True
CUST-5292510e,Company 557,Startup,Canada,2025-02-26 04:57:55,Referral,False
CUST-8daeac0d,Company 558,Startup,Australia,2026-01-29 03:33:23,Organic Search,True
CUST-e70100eb,Company 559,Startup,Canada,2025-12-31 20:28:51,Organic Search,True
CUST-c191aa09,Company 560,Startup,Australia,2026-03-10 21:11:56,Paid Social,False
CUST-bb2bf573,Company 561,Startup,Canada,2024-11-29 20:01:02,Paid Social,True
CUST-06f13f28,Company 562,Mid-Market,UK,2025-05-02 01:20:27,Organic Search,True
CUST-5ff1826d,Company 563,SMB,Canada,2026-03-29 21:39:41,Paid Social,True
CUST-4839e5ea,Company 564,Startup,UK,2025-01-01 23:15:16,Outbound Sales,True
CUST-d6f2ff33,Company 565,SMB,Canada,2025-04-15 00:48:55,Referral,True
CUST-39b1bd5d,Company 566,Startup,Australia,2024-05-13 05:26:35,Referral,False
CUST-f0d03016,Company 567,Mid-Market,Australia,2025-01-16 17:48:37,Organic Search,True
CUST-394a0162,Company 568,Enterprise,Australia,2025-08-17 13:29:42,Direct,True
CUST-3a2fe662,Company 569,SMB,Germany,2025-12-26 03:43:54,Organic Search,True
CUST-7e0c21da,Company 570,Enterprise,USA,2026-01-15 22:03:58,Paid Social,False
CUST-b29bbc44,Company 571,Startup,Australia,2026-03-02 19:27:59,Direct,False
CUST-bf46b839,Company 572,Startup,UK,2025-05-07 23:10:03,Paid Social,False
CUST-ec9cd920,Company 573,Startup,Australia,2025-05-28 01:15:19,Outbound Sales,False
CUST-3a58378f,Company 574,Startup,Germany,2025-04-26 01:43:00,Paid Social,False
CUST-2a7aaa3c,Company 575,SMB,UK,2024-06-16 03:22:49,Outbound Sales,True
CUST-ca80ff3c,Company 576,SMB,Germany,2024-06-10 14:20:03,Outbound Sales,True
CUST-51b20550,Company 577,SMB,UK,2025-11-29 04:58:41,Paid Social,True
CUST-557e773b,Company 578,SMB,Canada,2025-10-09 19:40:37,Paid Social,False
CUST-8be43d48,Company 579,SMB,USA,2025-09-08 01:21:46,Outbound Sales,False
CUST-b54e1851,Company 580,SMB,USA,2026-03-31 19:08:24,Direct,True
CUST-5b739fdd,Company 581,SMB,Germany,2025-06-19 10:42:23,Outbound Sales,False
CUST-a826fb49,Company 582,Startup,USA,2025-01-21 21:06:30,Referral,True
CUST-021fee20,Company 583,Startup,Germany,2025-12-07 22:31:06,Outbound Sales,True
CUST-fcd6b1ef,Company 584,SMB,Germany,2024-07-20 04:05:07,Direct,True
CUST-e2fbc4f3,Company 585,Startup,Germany,2025-08-31 14:33:53,Referral,True
CUST-89733cd2,Company 586,Startup,USA,2024-05-24 11:58:06,Organic Search,True
CUST-cd170a73,Company 587,Enterprise,Germany,2024-06-19 19:16:01,Organic Search,True
CUST-36e7f69f,Company 588,Startup,USA,2025-09-03 11:52:28,Direct,True
CUST-d7bc7d5d,Company 589,Startup,Germany,2026-01-17 08:23:13,Outbound Sales,True
CUST-2f545f4d,Company 590,SMB,Australia,2025-08-24 10:29:32,Paid Social,False
CUST-bdf0fbbd,Company 591,SMB,Germany,2024-09-21 15:03:49,Direct,False
CUST-1e3ebc67,Company 592,SMB,UK,2025-06-02 12:08:14,Referral,False
CUST-f2e5ddd1,Company 593,SMB,Germany,2025-03-24 03:12:22,Referral,True
CUST-839a52a7,Company 594,Enterprise,Canada,2025-07-03 06:43:44,Organic Search,True
CUST-70d4659a,Company 595,Startup,Germany,2024-06-26 17:32:19,Referral,False
CUST-b9765b63,Company 596,Enterprise,UK,2024-09-19 09:21:16,Direct,True
CUST-bd88005b,Company 597,SMB,UK,2025-11-21 16:13:12,Referral,True
CUST-c51b3360,Company 598,Startup,USA,2024-07-17 13:55:29,Direct,True
CUST-b14f6a04,Company 599,Startup,Australia,2025-07-27 14:45:37,Paid Social,True
CUST-809bca7e,Company 600,SMB,Germany,2024-05-17 07:45:28,Organic Search,True
CUST-7589ece5,Company 601,SMB,USA,2025-01-04 05:32:54,Referral,True
CUST-8d21bf3c,Company 602,Enterprise,Australia,2024-05-20 02:23:53,Direct,True
CUST-d5566758,Company 603,Startup,Germany,2025-02-01 01:48:39,Outbound Sales,True
CUST-ad334a19,Company 604,Enterprise,Canada,2024-09-01 22:15:49,Organic Search,True
CUST-8b5d58d5,Company 605,SMB,Germany,2024-05-14 03:42:05,Paid Social,True
CUST-ecb69a74,Company 606,Startup,UK,2025-11-29 05:57:27,Direct,True
CUST-4472d4ec,Company 607,Mid-Market,UK,2025-11-05 09:22:56,Paid Social,True
CUST-81d035d1,Company 608,Startup,Canada,2024-11-20 06:00:31,Paid Social,True
CUST-c3377657,Company 609,Startup,USA,2026-01-31 06:49:40,Referral,True
CUST-b9e259ea,Company 610,Mid-Market,Australia,2026-04-19 07:47:24,Referral,True
CUST-d9095c75,Company 611,Startup,Germany,2026-02-26 17:02:16,Direct,True
CUST-1aa37a90,Company 612,SMB,UK,2024-08-02 12:50:47,Outbound Sales,True
CUST-d7e81929,Company 613,Startup,USA,2024-06-30 06:40:20,Direct,False
CUST-649f982a,Company 614,SMB,Canada,2024-10-30 02:25:02,Outbound Sales,True
CUST-348cdf22,Company 615,Startup,UK,2024-06-19 20:13:11,Paid Social,True
CUST-18fa4144,Company 616,SMB,Canada,2025-05-14 19:28:22,Organic Search,True
CUST-3914335e,Company 617,Startup,Germany,2026-03-24 22:08:28,Direct,True
CUST-858ac0b4,Company 618,Startup,Australia,2024-09-01 15:11:41,Direct,True
CUST-86e1ef9a,Company 619,SMB,UK,2025-11-20 05:17:40,Outbound Sales,True
CUST-d3f3dfa1,Company 620,Startup,UK,2026-03-02 15:51:42,Paid Social,False
CUST-ac63e218,Company 621,SMB,Germany,2024-06-18 20:06:50,Paid Social,True
CUST-3998cedf,Company 622,Mid-Market,USA,2026-03-02 22:55:31,Outbound Sales,True
CUST-7aa2fe08,Company 623,Mid-Market,Australia,2024-10-30 20:40:17,Paid Social,True
CUST-528c4a9d,Company 624,SMB,UK,2026-01-05 14:50:15,Referral,False
CUST-60e8efb0,Company 625,SMB,Australia,2024-09-04 03:40:58,Organic Search,True
CUST-7f2050fb,Company 626,Startup,UK,2025-06-02 01:23:08,Direct,False
CUST-4281d248,Company 627,Mid-Market,Australia,2025-10-26 09:10:05,Organic Search,True
CUST-207a785f,Company 628,Startup,Canada,2026-04-23 12:42:56,Direct,False
CUST-2ff4c622,Company 629,Mid-Market,UK,2026-03-22 18:34:28,Referral,False
CUST-84129a39,Company 630,Startup,Australia,2025-04-05 23:12:37,Paid Social,True
CUST-1398f3cd,Company 631,Startup,USA,2026-03-18 18:24:51,Outbound Sales,True
CUST-bd82bffe,Company 632,SMB,Canada,2024-05-28 06:10:14,Referral,True
CUST-01f3e094,Company 633,Startup,Canada,2025-08-22 05:15:52,Organic Search,True
CUST-1294007c,Company 634,Enterprise,USA,2026-04-30 17:29:25,Outbound Sales,False
CUST-a6dde558,Company 635,Startup,Australia,2025-12-11 03:52:37,Paid Social,True
CUST-7d51ca71,Company 636,SMB,Germany,2025-10-24 22:25:25,Referral,True
CUST-5c38042a,Company 637,Startup,USA,2024-06-03 12:20:27,Outbound Sales,True
CUST-657eef6a,Company 638,Enterprise,Australia,2024-10-26 18:54:20,Referral,False
CUST-fde77ffc,Company 639,SMB,USA,2025-02-01 15:29:39,Referral,True
CUST-24cd437c,Company 640,Startup,USA,2024-07-23 09:15:19,Paid Social,True
CUST-e8e2a726,Company 641,SMB,UK,2024-11-27 01:12:17,Direct,True
CUST-ea46107c,Company 642,Mid-Market,Australia,2026-03-03 08:59:29,Outbound Sales,False
CUST-cacda794,Company 643,Mid-Market,Germany,2025-05-02 23:18:31,Paid Social,True
CUST-9be3ce11,Company 644,SMB,UK,2025-09-19 00:23:08,Referral,True
CUST-07b8e47f,Company 645,SMB,USA,2024-12-28 17:54:06,Paid Social,True
CUST-b7f95bb4,Company 646,Mid-Market,USA,2024-09-12 00:02:03,Direct,True
CUST-c53c7f77,Company 647,SMB,USA,2024-07-12 23:37:28,Outbound Sales,True
CUST-879437c9,Company 648,Enterprise,Australia,2025-12-03 02:53:09,Direct,False
CUST-c1e15434,Company 649,Startup,Australia,2025-12-24 09:18:45,Organic Search,False
CUST-3958ead5,Company 650,Mid-Market,UK,2025-08-05 19:24:44,Outbound Sales,True
CUST-2e0d2fbe,Company 651,SMB,Germany,2025-06-03 17:30:22,Direct,False
CUST-3ab47599,Company 652,Enterprise,UK,2024-07-05 21:05:21,Referral,True
CUST-75209176,Company 653,SMB,Canada,2025-03-25 21:41:53,Outbound Sales,False
CUST-4c8214a3,Company 654,Startup,USA,2025-12-07 22:30:37,Outbound Sales,False
CUST-b69f751d,Company 655,SMB,USA,2025-09-21 18:47:56,Paid Social,True
CUST-828d60c8,Company 656,Mid-Market,USA,2025-12-09 15:51:23,Referral,False
CUST-04c697df,Company 657,Startup,UK,2026-04-06 15:41:45,Organic Search,True
CUST-0450b021,Company 658,Startup,UK,2025-10-31 13:12:43,Direct,True
CUST-176a2adf,Company 659,Mid-Market,USA,2024-06-19 18:31:45,Paid Social,True
CUST-364c9b76,Company 660,Startup,UK,2025-12-03 17:47:22,Direct,True
CUST-b571d046,Company 661,Startup,Australia,2024-10-10 22:18:57,Organic Search,False
CUST-7b41816c,Company 662,Mid-Market,Australia,2024-06-28 17:14:31,Organic Search,False
CUST-26bfed01,Company 663,Startup,UK,2026-01-31 07:49:44,Outbound Sales,True
CUST-acceb627,Company 664,Startup,USA,2025-06-16 01:02:07,Organic Search,False
CUST-fa06aa5e,Company 665,SMB,UK,2024-09-06 11:58:20,Direct,False
CUST-29bb5e1a,Company 666,Mid-Market,UK,2025-12-29 23:04:36,Referral,True
CUST-888dc4d3,Company 667,Mid-Market,UK,2025-04-05 07:26:19,Referral,True
CUST-6bb28005,Company 668,Startup,Canada,2025-03-25 22:58:47,Outbound Sales,True
CUST-05ed3232,Company 669,Startup,Australia,2025-06-13 02:59:59,Direct,True
CUST-bac60e69,Company 670,Startup,Germany,2025-03-21 18:05:27,Direct,False
CUST-3d8bc058,Company 671,SMB,Germany,2024-08-05 05:15:58,Organic Search,True
CUST-361931c8,Company 672,Startup,Canada,2025-04-08 15:34:49,Direct,False
CUST-8ebf7469,Company 673,SMB,UK,2025-10-31 04:28:56,Paid Social,True
CUST-b8b3c3da,Company 674,SMB,Canada,2025-05-31 22:55:47,Organic Search,True
CUST-eb752058,Company 675,Mid-Market,Canada,2025-05-23 08:06:47,Paid Social,True
CUST-9c06615b,Company 676,Startup,USA,2025-11-25 21:37:59,Outbound Sales,True
CUST-4014206a,Company 677,SMB,Australia,2024-09-20 17:54:58,Referral,True
CUST-271deeed,Company 678,Startup,Germany,2024-11-26 13:26:03,Outbound Sales,True
CUST-87787fad,Company 679,SMB,UK,2026-02-11 23:24:31,Referral,True
CUST-892c453c,Company 680,Enterprise,Germany,2025-01-26 03:48:51,Outbound Sales,True
CUST-ac94326c,Company 681,Mid-Market,Germany,2026-02-21 16:56:41,Direct,True
CUST-f19ad626,Company 682,SMB,Australia,2025-10-30 05:29:30,Paid Social,False
CUST-54dc1511,Company 683,Startup,Germany,2024-09-17 09:57:39,Referral,True
CUST-c58071a6,Company 684,Mid-Market,Germany,2024-10-29 00:41:28,Organic Search,True
CUST-74e29269,Company 685,Startup,Canada,2025-01-17 22:24:56,Paid Social,True
CUST-9a5745ac,Company 686,SMB,Australia,2026-04-20 07:59:16,Organic Search,True
CUST-9336cad7,Company 687,Startup,USA,2026-04-22 04:51:22,Paid Social,False
CUST-7bb27c13,Company 688,SMB,UK,2025-06-16 15:22:42,Paid Social,True
CUST-3386dd93,Company 689,Startup,Germany,2024-11-21 02:48:28,Outbound Sales,True
CUST-d809a622,Company 690,Startup,UK,2024-06-23 17:40:51,Referral,False
CUST-a986c669,Company 691,SMB,USA,2025-11-10 22:34:02,Referral,True
CUST-9104153c,Company 692,Mid-Market,UK,2025-06-06 01:41:44,Paid Social,True
CUST-27baa4d2,Company 693,Startup,USA,2025-06-12 23:11:52,Direct,True
CUST-e9c667b7,Company 694,Startup,Canada,2025-10-29 20:49:03,Direct,True
CUST-a603701d,Company 695,Enterprise,Germany,2024-10-31 23:05:38,Organic Search,True
CUST-74216ecd,Company 696,Startup,USA,2025-06-24 04:19:15,Organic Search,True
CUST-87c799e2,Company 697,Startup,UK,2025-06-26 10:00:20,Outbound Sales,False
CUST-d0d2f3fe,Company 698,Startup,Germany,2025-04-14 02:27:48,Paid Social,False
CUST-97995af7,Company 699,Startup,Canada,2025-11-28 21:50:27,Organic Search,True
CUST-db44eb45,Company 700,Startup,Germany,2025-04-22 09:20:54,Organic Search,True
CUST-e8dbb24c,Company 701,SMB,USA,2024-08-28 07:48:21,Paid Social,False
CUST-a6326895,Company 702,SMB,Canada,2024-09-14 02:44:41,Outbound Sales,True
CUST-3f822f08,Company 703,SMB,UK,2025-05-26 10:44:36,Organic Search,False
CUST-6b6ec232,Company 704,Startup,Canada,2024-06-11 11:20:42,Outbound Sales,False
CUST-5f600025,Company 705,Startup,Canada,2025-07-23 09:31:53,Referral,False
CUST-20e1a009,Company 706,SMB,Australia,2025-11-12 09:19:54,Outbound Sales,True
CUST-66696d77,Company 707,Startup,Canada,2025-07-01 01:03:42,Direct,True
CUST-1cad3a11,Company 708,Startup,Canada,2025-07-13 22:34:16,Direct,True
CUST-1193b0d6,Company 709,SMB,Germany,2025-03-25 22:20:15,Outbound Sales,False
CUST-2b5d13ff,Company 710,SMB,UK,2025-10-06 20:15:48,Direct,True
CUST-6be32165,Company 711,SMB,Germany,2024-07-02 23:09:37,Referral,False
CUST-2cfca522,Company 712,Mid-Market,Germany,2025-09-04 03:17:53,Paid Social,True
CUST-63d00492,Company 713,SMB,USA,2025-05-23 03:45:53,Direct,True
CUST-a1e2738b,Company 714,Mid-Market,Germany,2026-01-19 09:10:45,Direct,True
CUST-a5133d37,Company 715,Mid-Market,Australia,2024-08-13 21:06:01,Outbound Sales,True
CUST-fe6f6cae,Company 716,SMB,Australia,2025-10-21 15:40:58,Referral,True
CUST-7b5782ab,Company 717,SMB,USA,2024-06-07 02:08:00,Paid Social,True
CUST-187d534a,Company 718,Enterprise,UK,2025-12-08 18:27:42,Outbound Sales,False
CUST-07c52bee,Company 719,Startup,UK,2025-07-18 23:16:43,Outbound Sales,True
CUST-d96979bd,Company 720,SMB,Germany,2025-01-30 23:33:37,Referral,True
CUST-5d59663c,Company 721,Startup,Germany,2025-08-10 04:58:52,Paid Social,True
CUST-023c575b,Company 722,Startup,Germany,2024-12-22 00:38:33,Referral,False
CUST-be68a3b0,Company 723,Mid-Market,UK,2024-11-20 00:36:20,Paid Social,False
CUST-53ded5c3,Company 724,SMB,Canada,2024-09-07 21:50:44,Referral,True
CUST-1bdb3171,Company 725,Enterprise,Australia,2025-06-06 13:01:03,Outbound Sales,False
CUST-066830da,Company 726,SMB,Canada,2024-06-11 15:01:15,Outbound Sales,False
CUST-3840382c,Company 727,Startup,Canada,2025-12-10 10:31:12,Organic Search,True
CUST-7cc23e1b,Company 728,SMB,UK,2025-04-01 09:47:24,Direct,True
CUST-062d8e36,Company 729,SMB,Canada,2026-04-26 14:45:40,Referral,True
CUST-e725748e,Company 730,SMB,USA,2024-06-16 00:38:40,Organic Search,True
CUST-d01d66e8,Company 731,Mid-Market,Germany,2024-07-01 13:14:35,Direct,False
CUST-43708c3b,Company 732,Startup,USA,2025-02-08 15:22:09,Referral,True
CUST-14a1d059,Company 733,SMB,Australia,2024-07-26 08:38:20,Paid Social,False
CUST-52d6f3c7,Company 734,SMB,Germany,2024-06-07 14:02:08,Direct,True
CUST-406f53c7,Company 735,SMB,Canada,2025-03-03 07:05:19,Outbound Sales,True
CUST-92011be6,Company 736,Startup,Australia,2025-09-15 03:02:47,Organic Search,True
CUST-e8645d29,Company 737,Mid-Market,Germany,2026-03-06 08:44:42,Direct,True
CUST-ba6ac455,Company 738,SMB,Canada,2025-03-08 18:09:12,Direct,False
CUST-79bb7b14,Company 739,Startup,USA,2026-02-08 04:13:46,Outbound Sales,False
CUST-60c9f39d,Company 740,SMB,Germany,2025-03-20 13:32:55,Referral,True
CUST-3f70a795,Company 741,Startup,Canada,2024-09-18 17:34:51,Paid Social,True
CUST-901e9c23,Company 742,Startup,USA,2026-01-26 12:24:09,Outbound Sales,True
CUST-2948ba10,Company 743,Startup,Australia,2024-05-08 20:14:00,Paid Social,True
CUST-92d3b556,Company 744,Startup,Australia,2025-10-26 07:08:46,Referral,True
CUST-24d7d2ff,Company 745,Startup,Australia,2024-09-05 06:36:39,Direct,True
CUST-79c7565b,Company 746,Startup,Australia,2026-01-28 06:41:51,Paid Social,True
CUST-32604820,Company 747,Startup,UK,2025-05-27 20:42:22,Organic Search,False
CUST-f073137a,Company 748,Startup,Germany,2025-07-23 13:38:29,Organic Search,True
CUST-5962c7a7,Company 749,Mid-Market,Germany,2026-05-06 21:57:16,Outbound Sales,True
CUST-33a9ad5e,Company 750,Mid-Market,UK,2024-12-03 21:29:07,Referral,True
CUST-db09dd5c,Company 751,SMB,Canada,2025-04-26 21:56:24,Outbound Sales,True
CUST-621c3ee9,Company 752,Enterprise,Canada,2025-06-08 04:55:42,Outbound Sales,True
CUST-e85e7cc7,Company 753,SMB,Australia,2024-06-20 07:49:56,Outbound Sales,False
CUST-bead693e,Company 754,SMB,USA,2025-02-07 02:38:38,Organic Search,False
CUST-42e59afc,Company 755,SMB,Canada,2024-12-19 20:28:32,Organic Search,True
CUST-aac04c27,Company 756,Startup,USA,2024-11-15 23:08:42,Outbound Sales,True
CUST-220e7a26,Company 757,Startup,Germany,2025-08-17 00:04:16,Organic Search,True
CUST-d49ac6b2,Company 758,Mid-Market,USA,2024-09-20 16:17:57,Referral,False
CUST-b2df9d0b,Company 759,SMB,Germany,2025-12-21 23:09:28,Outbound Sales,True
CUST-1784946c,Company 760,Startup,UK,2024-10-08 00:10:48,Organic Search,True
CUST-0f7f7063,Company 761,Mid-Market,UK,2025-01-24 02:56:21,Paid Social,True
CUST-6c89943a,Company 762,Startup,Australia,2026-01-03 19:18:03,Outbound Sales,True
CUST-20a05fb1,Company 763,SMB,Canada,2026-04-01 20:31:03,Outbound Sales,True
CUST-a6f03d7a,Company 764,SMB,Australia,2026-05-04 16:40:16,Referral,False
CUST-85f03bbd,Company 765,Startup,Germany,2025-05-18 07:38:21,Direct,True
CUST-24728d1d,Company 766,SMB,Australia,2024-06-14 19:31:48,Direct,True
CUST-01797a38,Company 767,Startup,USA,2025-01-06 12:25:54,Referral,True
CUST-bea1289a,Company 768,Startup,Germany,2025-03-13 23:07:22,Referral,False
CUST-d5140721,Company 769,Enterprise,UK,2026-04-13 23:52:40,Referral,False
CUST-83b1c9e9,Company 770,Startup,Canada,2025-04-01 15:00:11,Direct,True
CUST-4f3a9441,Company 771,Startup,Germany,2025-10-28 18:25:39,Referral,False
CUST-3663e07d,Company 772,Mid-Market,Germany,2025-02-01 06:44:36,Organic Search,True
CUST-a073f0d8,Company 773,Startup,USA,2024-10-23 16:47:38,Outbound Sales,True
CUST-194604c9,Company 774,SMB,Canada,2026-02-21 07:06:11,Outbound Sales,True
CUST-9e2b00e4,Company 775,Startup,UK,2025-11-13 13:16:16,Paid Social,True
CUST-11b786ca,Company 776,Startup,Germany,2025-04-11 17:35:26,Paid Social,True
CUST-52dceb3a,Company 777,SMB,Germany,2024-11-06 18:06:43,Outbound Sales,True
CUST-addd45b2,Company 778,Startup,USA,2026-01-22 11:37:09,Organic Search,True
CUST-43418759,Company 779,Startup,Australia,2025-01-06 08:27:34,Direct,False
CUST-c20764f0,Company 780,Startup,UK,2026-02-18 14:03:03,Direct,True
CUST-79094bbb,Company 781,Startup,Canada,2026-03-23 13:59:39,Organic Search,True
CUST-876ad1f6,Company 782,Startup,Germany,2025-11-02 18:01:14,Direct,True
CUST-3766b25a,Company 783,SMB,Germany,2025-07-12 01:14:57,Referral,False
CUST-7fe67da0,Company 784,Startup,UK,2025-04-12 21:43:34,Outbound Sales,True
CUST-5a76d9f2,Company 785,SMB,Australia,2025-01-19 12:01:43,Outbound Sales,True
CUST-0501e3bf,Company 786,SMB,Germany,2025-11-03 03:07:56,Organic Search,False
CUST-b44475df,Company 787,Startup,UK,2026-03-14 01:09:48,Direct,True
CUST-92791f78,Company 788,SMB,USA,2025-12-23 14:21:46,Paid Social,True
CUST-4d0f9ee3,Company 789,Enterprise,Australia,2025-07-14 01:17:23,Paid Social,False
CUST-fbd59239,Company 790,Mid-Market,Canada,2024-06-03 20:18:56,Direct,True
CUST-317ee5ef,Company 791,SMB,Germany,2025-04-12 10:47:39,Paid Social,True
CUST-c0aee559,Company 792,Startup,UK,2024-06-09 00:17:22,Organic Search,True
CUST-0e434c3f,Company 793,SMB,USA,2025-08-28 09:18:36,Organic Search,True
CUST-91e5e278,Company 794,Startup,Canada,2024-09-03 01:31:39,Direct,True
CUST-8a1f0c26,Company 795,SMB,UK,2025-07-14 05:36:12,Paid Social,True
CUST-395a9489,Company 796,Startup,UK,2025-10-03 11:38:22,Organic Search,True
CUST-415672dc,Company 797,SMB,Canada,2024-05-10 07:32:55,Organic Search,True
CUST-620e275e,Company 798,SMB,USA,2025-06-28 00:12:00,Referral,False
CUST-403c976e,Company 799,Startup,USA,2024-11-27 07:41:50,Referral,True
CUST-bb5b4c74,Company 800,Startup,Australia,2026-02-17 06:58:12,Organic Search,True
CUST-596e4744,Company 801,SMB,Germany,2025-08-01 02:34:52,Direct,False
CUST-57ea5bcd,Company 802,Enterprise,Canada,2025-09-19 09:07:13,Outbound Sales,True
CUST-bce635ca,Company 803,Mid-Market,Canada,2025-02-05 08:14:09,Outbound Sales,True
CUST-9122fc21,Company 804,Enterprise,Canada,2025-10-21 02:49:34,Organic Search,False
CUST-bb374cc4,Company 805,Startup,USA,2025-12-03 11:44:37,Organic Search,True
CUST-ed719c24,Company 806,SMB,Germany,2024-09-16 22:49:26,Organic Search,True
CUST-f4563f48,Company 807,SMB,Australia,2025-07-29 05:26:41,Direct,False
CUST-949bad21,Company 808,SMB,UK,2024-11-24 09:10:52,Referral,True
CUST-5bc68721,Company 809,Mid-Market,UK,2024-09-17 06:46:18,Organic Search,True
CUST-ebc6579b,Company 810,SMB,Canada,2026-01-29 13:17:34,Organic Search,True
CUST-c04282ff,Company 811,SMB,Germany,2026-05-07 01:33:40,Paid Social,True
CUST-9be6ed6b,Company 812,SMB,USA,2025-04-29 04:48:02,Direct,True
CUST-449bd511,Company 813,SMB,Germany,2024-09-19 13:34:26,Organic Search,False
CUST-607adab2,Company 814,Startup,Germany,2025-05-25 09:32:25,Paid Social,True
CUST-31ba504f,Company 815,Mid-Market,USA,2024-09-02 16:10:11,Outbound Sales,False
CUST-62c0fc0b,Company 816,Startup,Canada,2024-06-03 08:56:00,Organic Search,True
CUST-34f99333,Company 817,SMB,Germany,2025-12-01 05:19:29,Organic Search,False
CUST-898a71fa,Company 818,Startup,UK,2025-07-21 09:48:01,Paid Social,False
CUST-83303441,Company 819,Startup,USA,2025-07-21 14:47:31,Direct,True
CUST-99da545c,Company 820,Startup,Australia,2025-05-15 12:57:12,Organic Search,True
CUST-5d4a3064,Company 821,Startup,Canada,2025-05-09 12:33:24,Outbound Sales,True
CUST-5ae3112f,Company 822,SMB,USA,2025-10-04 19:31:09,Organic Search,True
CUST-f02d254e,Company 823,SMB,Australia,2025-03-01 09:10:54,Outbound Sales,False
CUST-4eb50c63,Company 824,SMB,Australia,2024-12-03 15:03:33,Referral,False
CUST-65480dc2,Company 825,SMB,Germany,2026-03-08 13:54:44,Referral,True
CUST-8584285b,Company 826,Enterprise,Germany,2024-11-14 05:42:23,Outbound Sales,True
CUST-e5ae22a8,Company 827,SMB,Germany,2025-09-30 04:51:13,Direct,True
CUST-7bb8add6,Company 828,Startup,USA,2025-03-03 14:37:20,Organic Search,True
CUST-78b49d93,Company 829,SMB,USA,2025-08-16 07:35:37,Organic Search,True
CUST-0a0ba54b,Company 830,Startup,Canada,2024-07-10 06:03:30,Referral,False
CUST-8b36004f,Company 831,Startup,Germany,2024-10-09 23:36:49,Outbound Sales,False
CUST-af980b61,Company 832,Startup,Australia,2025-03-01 06:48:57,Organic Search,True
CUST-8996a7b1,Company 833,SMB,UK,2024-10-15 06:43:40,Organic Search,True
CUST-214f09af,Company 834,SMB,Canada,2026-03-01 11:21:24,Direct,True
CUST-de9d35e8,Company 835,SMB,USA,2025-04-06 17:11:24,Paid Social,True
CUST-4493df28,Company 836,SMB,Canada,2026-04-27 17:37:01,Referral,True
CUST-086367e3,Company 837,Startup,Canada,2024-08-28 14:21:30,Referral,True
CUST-d9ae0bcd,Company 838,SMB,Canada,2024-10-13 02:59:43,Paid Social,False
CUST-0a941d35,Company 839,Startup,Canada,2024-11-11 02:40:04,Organic Search,True
CUST-8170aabf,Company 840,SMB,UK,2025-11-19 02:50:00,Direct,True
CUST-ad23c7c9,Company 841,Startup,Germany,2025-01-29 11:18:05,Direct,False
CUST-341cdae5,Company 842,Startup,Australia,2024-05-22 22:00:43,Referral,False
CUST-e8d2fb76,Company 843,SMB,Canada,2024-08-30 20:46:32,Direct,True
CUST-c0d4c20b,Company 844,SMB,Canada,2025-09-04 15:07:02,Paid Social,True
CUST-304ddb28,Company 845,SMB,Canada,2024-07-18 19:00:46,Organic Search,True
CUST-9cc23bdd,Company 846,Mid-Market,Germany,2024-07-27 20:34:56,Paid Social,False
CUST-951ee3e3,Company 847,SMB,USA,2026-03-23 05:23:16,Outbound Sales,False
CUST-e8e9ca82,Company 848,Mid-Market,USA,2024-10-22 22:56:27,Referral,True
CUST-b4cb1440,Company 849,SMB,UK,2025-03-25 13:31:39,Direct,True
CUST-12e20935,Company 850,SMB,USA,2024-07-09 15:21:01,Outbound Sales,False
CUST-1670f047,Company 851,SMB,Canada,2025-01-14 08:53:39,Direct,True
CUST-d27ed070,Company 852,Startup,Canada,2025-01-30 06:05:42,Organic Search,True
CUST-393f21a7,Company 853,Mid-Market,Canada,2026-02-09 03:10:34,Organic Search,True
CUST-668be7ab,Company 854,Startup,UK,2025-12-01 18:47:48,Organic Search,True
CUST-f8c8366f,Company 855,SMB,Canada,2024-10-03 12:56:35,Direct,True
CUST-89c7e47b,Company 856,SMB,USA,2025-12-02 03:32:29,Outbound Sales,False
CUST-900106cc,Company 857,Startup,Germany,2024-08-13 10:13:18,Organic Search,False
CUST-907d135d,Company 858,Enterprise,Germany,2024-09-01 16:42:26,Outbound Sales,True
CUST-a5a4a466,Company 859,SMB,Australia,2026-04-21 07:48:49,Direct,True
CUST-5c8129e1,Company 860,SMB,USA,2024-05-13 05:09:05,Outbound Sales,True
CUST-fdecbfeb,Company 861,SMB,Canada,2024-08-21 18:51:22,Direct,True
CUST-cf77f9ee,Company 862,SMB,Germany,2024-08-06 14:54:54,Direct,True
CUST-866da882,Company 863,SMB,USA,2026-01-23 05:22:29,Referral,False
CUST-826334be,Company 864,Startup,Germany,2025-06-22 03:22:02,Direct,True
CUST-b21e56d9,Company 865,SMB,Canada,2024-11-07 01:37:08,Direct,True
CUST-dd83e3c6,Company 866,SMB,Germany,2025-11-23 10:02:12,Paid Social,True
CUST-df462379,Company 867,SMB,Australia,2026-05-02 15:45:13,Organic Search,False
CUST-9d689971,Company 868,Startup,Australia,2025-07-28 01:51:17,Referral,False
CUST-d08fb654,Company 869,Mid-Market,Germany,2025-08-19 16:58:57,Referral,False
CUST-6319091f,Company 870,SMB,USA,2025-04-01 01:21:47,Referral,False
CUST-e868444e,Company 871,SMB,USA,2025-08-20 10:26:59,Paid Social,True
CUST-fd0f23d2,Company 872,Startup,USA,2024-07-25 01:31:11,Direct,True
CUST-9c144b11,Company 873,SMB,Germany,2025-06-17 05:25:40,Organic Search,True
CUST-94124961,Company 874,SMB,USA,2025-10-01 13:28:54,Outbound Sales,True
CUST-fd17317f,Company 875,SMB,Canada,2025-07-08 19:16:16,Direct,True
CUST-391fe0b8,Company 876,Startup,Australia,2025-09-09 00:11:42,Paid Social,True
CUST-beb88148,Company 877,SMB,Canada,2025-12-09 03:18:48,Direct,True
CUST-e9f0797f,Company 878,SMB,USA,2025-08-06 14:11:38,Direct,True
CUST-ca6824c8,Company 879,Startup,Canada,2025-01-23 16:40:04,Paid Social,True
CUST-81649c0f,Company 880,Startup,USA,2024-10-10 16:36:03,Referral,False
CUST-ca6bfe12,Company 881,SMB,Germany,2025-07-31 18:45:41,Referral,True
CUST-25484b8a,Company 882,Startup,Canada,2025-08-28 03:20:48,Organic Search,True
CUST-f7278444,Company 883,SMB,Germany,2025-07-27 16:08:51,Organic Search,True
CUST-6ff49b70,Company 884,SMB,Germany,2024-12-15 20:05:28,Referral,True
CUST-552a5331,Company 885,Enterprise,UK,2024-12-30 23:03:12,Outbound Sales,True
CUST-a4a67a8b,Company 886,Startup,USA,2025-08-09 13:25:35,Direct,True
CUST-f55c81cb,Company 887,Mid-Market,Australia,2026-01-31 14:07:52,Outbound Sales,True
CUST-86f95a44,Company 888,SMB,USA,2025-01-03 21:55:09,Direct,True
CUST-94c16fb1,Company 889,Mid-Market,Australia,2026-04-26 21:03:08,Referral,True
CUST-4a080cde,Company 890,Startup,USA,2025-09-21 23:26:21,Organic Search,True
CUST-a3aaca07,Company 891,SMB,Germany,2025-01-23 05:19:13,Organic Search,True
CUST-06474d81,Company 892,Mid-Market,Canada,2026-01-02 05:27:31,Outbound Sales,True
CUST-1872b077,Company 893,Mid-Market,Canada,2025-08-05 21:46:44,Organic Search,True
CUST-921962e1,Company 894,Mid-Market,UK,2024-07-03 03:21:27,Referral,True
CUST-5cb8ce40,Company 895,SMB,Australia,2025-08-04 21:10:28,Outbound Sales,True
CUST-6d645492,Company 896,Startup,Australia,2025-12-21 01:41:40,Direct,True
CUST-a6db66d7,Company 897,SMB,Australia,2025-09-26 09:26:30,Organic Search,True
CUST-19902bad,Company 898,SMB,Germany,2024-06-02 18:45:00,Paid Social,True
CUST-9b4cb88e,Company 899,Startup,Australia,2026-01-02 01:03:35,Organic Search,False
CUST-a46622c9,Company 900,Enterprise,Canada,2025-12-29 07:58:05,Direct,False
CUST-55b91b2f,Company 901,SMB,Germany,2024-09-22 15:21:16,Outbound Sales,False
CUST-ebb6a7dc,Company 902,Startup,USA,2025-07-09 00:37:54,Direct,True
CUST-3c8fdd24,Company 903,SMB,Australia,2026-02-06 14:00:51,Paid Social,True
CUST-4624c0d3,Company 904,SMB,Australia,2025-11-20 13:56:12,Referral,True
CUST-7abbcaa6,Company 905,SMB,USA,2024-10-03 16:00:59,Organic Search,True
CUST-f9a3545a,Company 906,SMB,Australia,2025-04-19 23:12:58,Outbound Sales,True
CUST-2cfacd80,Company 907,SMB,USA,2025-06-05 06:56:42,Referral,True
CUST-7ee90e19,Company 908,Mid-Market,Germany,2024-06-04 11:48:59,Direct,False
CUST-cc70e8c7,Company 909,Mid-Market,Canada,2026-02-10 00:07:44,Outbound Sales,True
CUST-dd64961f,Company 910,Mid-Market,USA,2025-05-14 12:03:53,Referral,False
CUST-a79fd18c,Company 911,Startup,UK,2025-09-15 09:49:58,Outbound Sales,True
CUST-21fdb4a7,Company 912,Startup,USA,2024-12-12 16:23:28,Paid Social,True
CUST-d2ab12e3,Company 913,Mid-Market,Australia,2026-03-19 06:23:04,Paid Social,True
CUST-b5824937,Company 914,Mid-Market,Germany,2025-06-22 01:40:53,Organic Search,True
CUST-72cb9940,Company 915,Startup,Germany,2026-02-25 09:15:18,Organic Search,False
CUST-8050cd77,Company 916,Mid-Market,USA,2024-07-17 10:02:30,Paid Social,True
CUST-ebd217ce,Company 917,SMB,Canada,2025-11-28 12:35:36,Outbound Sales,True
CUST-890f1a3a,Company 918,Startup,UK,2024-09-12 04:31:08,Paid Social,False
CUST-1aaae25a,Company 919,SMB,Germany,2025-08-19 13:08:29,Organic Search,True
CUST-f79c6f08,Company 920,Startup,Australia,2025-03-11 16:45:01,Paid Social,False
CUST-a5c0ab76,Company 921,Startup,Australia,2025-08-08 10:48:58,Paid Social,True
CUST-72e13ca0,Company 922,SMB,Canada,2025-10-13 14:58:47,Outbound Sales,True
CUST-dccac442,Company 923,Enterprise,Germany,2024-09-20 12:30:38,Referral,True
CUST-69054e9c,Company 924,SMB,USA,2026-04-13 17:33:04,Organic Search,True
CUST-b3cfb5c8,Company 925,Startup,Australia,2025-07-29 15:12:34,Outbound Sales,True
CUST-c9d81e17,Company 926,Startup,Canada,2025-02-09 06:42:41,Paid Social,True
CUST-2218c1aa,Company 927,Startup,Germany,2026-02-08 20:37:11,Paid Social,False
CUST-af7b790f,Company 928,Mid-Market,Germany,2025-11-05 06:52:23,Referral,False
CUST-c2ae48b4,Company 929,Startup,Germany,2024-11-17 17:40:13,Organic Search,True
CUST-635e12b2,Company 930,Startup,Germany,2024-09-10 21:06:43,Organic Search,True
CUST-610e42d3,Company 931,Startup,Germany,2026-02-13 13:27:11,Direct,True
CUST-073975b8,Company 932,Startup,Australia,2025-10-24 18:55:47,Organic Search,True
CUST-44e61b12,Company 933,Startup,Canada,2025-05-17 14:17:48,Referral,True
CUST-efb4b43d,Company 934,Startup,Germany,2025-12-13 10:17:03,Direct,True
CUST-ee72e3cc,Company 935,SMB,UK,2026-03-06 15:06:57,Direct,True
CUST-90a27133,Company 936,SMB,UK,2024-06-07 21:41:07,Paid Social,True
CUST-1f55794e,Company 937,Mid-Market,Canada,2025-03-13 09:22:03,Paid Social,False
CUST-601d86d4,Company 938,Startup,USA,2025-10-15 15:10:41,Organic Search,True
CUST-c37a7a5d,Company 939,SMB,USA,2026-02-26 14:24:31,Direct,True
CUST-8b538339,Company 940,Startup,USA,2025-08-28 08:31:13,Paid Social,True
CUST-9433d555,Company 941,Startup,UK,2025-10-19 04:17:23,Referral,True
CUST-4390bd47,Company 942,Startup,USA,2025-02-06 23:29:13,Paid Social,True
CUST-2f73616f,Company 943,Mid-Market,Australia,2024-05-23 13:57:07,Paid Social,True
CUST-2cad726b,Company 944,SMB,Germany,2024-06-25 05:58:20,Direct,False
CUST-c573ccdc,Company 945,Mid-Market,UK,2025-02-12 15:07:44,Direct,True
CUST-652fbe66,Company 946,Startup,Canada,2025-09-14 15:15:07,Outbound Sales,True
CUST-3fb7af03,Company 947,Startup,Canada,2024-08-07 06:44:39,Referral,False
CUST-bdc82266,Company 948,Startup,Germany,2024-05-13 18:49:22,Direct,False
CUST-9cb7af6e,Company 949,SMB,UK,2025-10-20 00:32:13,Organic Search,True
CUST-0833a4a3,Company 950,Startup,USA,2024-06-30 00:20:38,Referral,True
CUST-3aa84233,Company 951,Startup,USA,2025-01-03 22:33:12,Referral,True
CUST-1344cd0f,Company 952,SMB,Australia,2026-04-10 20:30:24,Direct,True
CUST-9747c6eb,Company 953,Startup,Australia,2026-01-26 23:46:00,Referral,True
CUST-15ef6802,Company 954,SMB,USA,2025-01-09 10:12:28,Direct,True
CUST-1aa9bb8a,Company 955,SMB,Canada,2024-07-11 09:37:47,Paid Social,True
CUST-fefa1684,Company 956,Startup,Canada,2025-07-31 00:03:48,Outbound Sales,True
CUST-4bf17841,Company 957,SMB,Australia,2026-02-06 02:37:39,Paid Social,True
CUST-a4513cb6,Company 958,Startup,Germany,2025-01-28 02:42:15,Direct,True
CUST-7c97effe,Company 959,Startup,USA,2025-03-20 12:40:20,Direct,True
CUST-ae665b75,Company 960,SMB,Australia,2025-06-18 21:50:28,Paid Social,True
CUST-c3bbc32c,Company 961,SMB,Australia,2024-12-26 12:42:45,Organic Search,True
CUST-62399421,Company 962,SMB,USA,2026-03-20 01:47:38,Organic Search,True
CUST-e3b9afa6,Company 963,SMB,USA,2025-09-18 23:30:28,Organic Search,True
CUST-95fda2ae,Company 964,SMB,Canada,2024-10-05 17:42:53,Direct,True
CUST-e4326b68,Company 965,SMB,Germany,2026-01-09 10:58:49,Referral,True
CUST-dddee22a,Company 966,Enterprise,Germany,2025-10-06 11:14:18,Direct,True
CUST-e5dd0c61,Company 967,SMB,USA,2025-04-19 11:33:43,Referral,False
CUST-946eff85,Company 968,Mid-Market,UK,2024-10-06 00:37:48,Paid Social,False
CUST-296b1437,Company 969,Startup,Australia,2024-11-24 20:44:54,Outbound Sales,True
CUST-5d759af2,Company 970,Startup,Australia,2026-02-09 14:35:28,Referral,True
CUST-6c2e1521,Company 971,SMB,USA,2025-12-25 04:51:37,Organic Search,True
CUST-98a19a71,Company 972,SMB,UK,2024-12-23 20:33:37,Direct,True
CUST-f3870c47,Company 973,Startup,Canada,2025-10-29 13:19:11,Paid Social,True
CUST-f1b7abde,Company 974,Startup,USA,2024-07-29 14:50:29,Organic Search,False
CUST-7eaa8dfc,Company 975,Startup,USA,2025-04-05 12:46:01,Paid Social,True
CUST-83f5d0f2,Company 976,Startup,Australia,2024-12-28 07:17:38,Outbound Sales,True
CUST-6838a723,Company 977,Mid-Market,USA,2026-04-02 09:53:08,Direct,False
CUST-e07275c7,Company 978,Mid-Market,USA,2025-07-08 18:02:04,Direct,False
CUST-0173ea4c,Company 979,SMB,USA,2025-10-24 00:17:18,Outbound Sales,False
CUST-b713d503,Company 980,SMB,Australia,2025-01-11 19:57:03,Direct,True
CUST-5de962ce,Company 981,SMB,Canada,2024-07-19 18:28:08,Referral,True
CUST-87309b6d,Company 982,SMB,Canada,2025-12-24 10:03:57,Paid Social,True
CUST-458003a2,Company 983,SMB,USA,2026-03-18 23:29:28,Organic Search,True
CUST-0bcff3c7,Company 984,Startup,Australia,2025-12-06 15:54:17,Outbound Sales,True
CUST-aebcd965,Company 985,Startup,Canada,2024-09-29 05:47:35,Referral,True
CUST-ffb4b926,Company 986,SMB,Canada,2024-06-22 07:32:22,Organic Search,False
CUST-ea428796,Company 987,Startup,Canada,2025-09-06 18:47:36,Organic Search,True
CUST-11765a63,Company 988,SMB,Australia,2024-08-02 11:16:50,Outbound Sales,True
CUST-b3df5ca0,Company 989,Startup,Australia,2024-05-26 22:49:16,Referral,True
CUST-3891d61b,Company 990,Mid-Market,USA,2025-02-24 20:40:54,Organic Search,True
CUST-84f8c579,Company 991,Startup,Germany,2024-09-02 13:30:24,Organic Search,True
CUST-3bfdf691,Company 992,Startup,Canada,2024-07-04 21:47:25,Referral,True
CUST-f10abf18,Company 993,SMB,Germany,2024-06-28 16:26:58,Direct,True
CUST-67210fc0,Company 994,Mid-Market,Australia,2026-04-03 16:00:50,Organic Search,False
CUST-1b7f7730,Company 995,SMB,Australia,2025-03-31 04:36:24,Paid Social,True
CUST-3a3277d8,Company 996,Mid-Market,Australia,2025-09-27 06:06:28,Referral,False
CUST-52b5a324,Company 997,Mid-Market,Germany,2024-06-27 07:46:00,Organic Search,True
CUST-a855ab31,Company 998,Startup,Australia,2025-02-09 00:06:24,Outbound Sales,True
CUST-9ebf49a9,Company 999,SMB,USA,2025-07-08 00:25:30,Paid Social,True
