subscription_id,customer_id,plan,status,start_date,end_date,monthly_price,billing_cycle,auto_renew
SUB-4fb549e1,CUST-ead84775,Basic,Canceled,2026-02-23,2026-05-04,49.0,Monthly,False
SUB-77366023,CUST-0ba66f2a,Basic,Active,2025-12-03,,49.0,Monthly,True
SUB-feb1bab0,CUST-557b6976,Pro,Active,2026-02-25,,199.0,Monthly,True
SUB-334d0c38,CUST-751489c5,Premium,Active,2026-04-07,,499.0,Monthly,True
SUB-065d68b6,CUST-f1fec33c,Premium,Canceled,2025-01-07,2025-04-18,499.0,Monthly,False
SUB-13260505,CUST-dd61d47d,Pro,Active,2024-10-09,,199.0,Monthly,True
SUB-385d2db6,CUST-47a35dc2,Premium,Canceled,2025-06-26,2026-05-01,499.0,Monthly,False
SUB-834b46d5,CUST-17269a71,Pro,Past Due,2025-03-13,,199.0,Monthly,True
SUB-d1c1c0fd,CUST-2565bfe6,Premium,Canceled,2025-11-16,2026-04-03,499.0,Monthly,False
SUB-00009558,CUST-76d4c4aa,Pro,Canceled,2025-03-08,2025-04-23,199.0,Monthly,False
SUB-35479140,CUST-705d33ea,Pro,Canceled,2025-04-11,2025-05-26,199.0,Monthly,False
SUB-5be79af9,CUST-7b8cf758,Premium,Past Due,2025-02-09,,499.0,Monthly,True
SUB-2700303f,CUST-88617fc2,Basic,Active,2025-05-09,,49.0,Monthly,True
SUB-040e4ba6,CUST-0368b278,Premium,Canceled,2024-08-27,2024-10-23,499.0,Monthly,False
SUB-90ac65ae,CUST-92c57a47,Pro,Active,2025-01-08,,199.0,Monthly,True
SUB-888b7e1b,CUST-93bbdd37,Basic,Active,2025-09-30,,49.0,Monthly,True
SUB-c9f392ef,CUST-200cfc5b,Basic,Active,2025-01-09,,49.0,Monthly,True
SUB-a7e2257b,CUST-37cb0e9c,Basic,Canceled,2025-08-25,2026-01-09,49.0,Monthly,False
SUB-2a47929a,CUST-21e07cb5,Pro,Active,2024-07-04,,199.0,Monthly,True
SUB-e8af3d59,CUST-39a9e549,Premium,Active,2024-10-16,,499.0,Monthly,True
SUB-02116d77,CUST-93d203d1,Basic,Canceled,2024-12-08,2026-02-25,49.0,Monthly,False
SUB-cbea68bb,CUST-896d2db4,Premium,Active,2024-06-29,,499.0,Monthly,True
SUB-d2350aeb,CUST-893e1d87,Premium,Canceled,2025-08-09,2026-03-21,499.0,Monthly,False
SUB-08edb6e1,CUST-998d4c7e,Basic,Active,2024-06-15,,49.0,Monthly,True
SUB-5d63bad6,CUST-e6c9bd46,Premium,Active,2025-09-14,,499.0,Monthly,True
SUB-e778902a,CUST-32b36711,Enterprise,Active,2025-06-01,,1999.0,Monthly,True
SUB-8d195305,CUST-d5000394,Premium,Active,2025-12-02,,499.0,Monthly,True
SUB-7f3a84e7,CUST-fde3832a,Premium,Canceled,2025-06-15,2026-01-03,499.0,Monthly,False
SUB-a67cc0da,CUST-fd9ec295,Enterprise,Active,2025-05-09,,1999.0,Monthly,True
SUB-9ccbfc57,CUST-2a2fb5d9,Pro,Active,2024-08-29,,199.0,Monthly,True
SUB-ff63b7f0,CUST-79a2f6e9,Basic,Active,2025-08-04,,49.0,Monthly,True
SUB-ba525c9b,CUST-e9e565a7,Premium,Active,2025-04-24,,499.0,Monthly,True
SUB-e54fd575,CUST-0c239dcd,Pro,Active,2025-09-20,,199.0,Monthly,True
SUB-17ba2da0,CUST-f4d964ed,Pro,Past Due,2025-05-12,,199.0,Monthly,True
SUB-72e853b3,CUST-b52a436c,Basic,Active,2025-09-16,,49.0,Monthly,True
SUB-cbeb28e9,CUST-d6336b29,Premium,Canceled,2025-08-05,2025-10-05,499.0,Monthly,False
SUB-09db0ed8,CUST-8c3b6c9b,Basic,Active,2024-09-08,,49.0,Monthly,True
SUB-d38240a0,CUST-1a440964,Enterprise,Active,2025-08-10,,1999.0,Monthly,True
SUB-97bb6911,CUST-797bf76f,Basic,Active,2026-04-28,,49.0,Monthly,True
SUB-f6db9e1f,CUST-e3d9b691,Basic,Canceled,2025-10-31,2026-05-07,49.0,Monthly,False
SUB-fd86175f,CUST-5ca7840f,Pro,Active,2025-01-11,,199.0,Monthly,True
SUB-f5fca057,CUST-e2485adb,Basic,Active,2025-04-20,,49.0,Monthly,True
SUB-53e6c680,CUST-18c7c3a1,Pro,Active,2026-04-05,,199.0,Monthly,True
SUB-fed4fb5a,CUST-1be1bcb9,Enterprise,Canceled,2024-10-01,2025-01-10,1999.0,Monthly,False
SUB-eb0a2084,CUST-340e7725,Premium,Past Due,2026-01-18,,499.0,Monthly,True
SUB-429e51c7,CUST-3f6e870b,Basic,Canceled,2024-11-19,2025-04-14,49.0,Monthly,False
SUB-16bf25bb,CUST-53d76630,Basic,Active,2025-07-29,,49.0,Monthly,True
SUB-d426be38,CUST-cb914e66,Premium,Active,2026-01-03,,499.0,Monthly,True
SUB-363b166c,CUST-8cd43467,Enterprise,Canceled,2025-05-13,2025-10-09,1999.0,Monthly,False
SUB-a694e81b,CUST-bc76ad7a,Pro,Active,2026-04-15,,199.0,Monthly,True
SUB-c0656e75,CUST-c7b40f76,Pro,Canceled,2026-04-27,2026-05-28,199.0,Monthly,False
SUB-8f7efe84,CUST-831fe88f,Basic,Canceled,2026-04-18,2026-05-19,49.0,Monthly,False
SUB-a8f9233e,CUST-55d583ba,Premium,Canceled,2026-03-16,2026-04-29,499.0,Monthly,False
SUB-0ae8bb2d,CUST-7977a0c3,Pro,Active,2024-06-05,,199.0,Monthly,True
SUB-163bc426,CUST-64fe35fd,Basic,Canceled,2026-03-24,2026-04-28,49.0,Monthly,False
SUB-5d95fec5,CUST-3e2fae54,Basic,Active,2025-07-01,,49.0,Monthly,True
SUB-a7159bf9,CUST-3b801d0e,Premium,Canceled,2026-04-17,2026-05-18,499.0,Monthly,False
SUB-83c54985,CUST-25b5662e,Basic,Active,2026-02-13,,49.0,Monthly,True
SUB-73046227,CUST-1c8c040e,Basic,Canceled,2024-09-11,2025-07-11,49.0,Monthly,False
SUB-c387f4b4,CUST-83944719,Pro,Active,2026-02-26,,199.0,Monthly,True
SUB-c00e1ee9,CUST-9e3e8e51,Basic,Active,2025-11-25,,49.0,Monthly,True
SUB-8faa4186,CUST-094a36e5,Basic,Past Due,2024-12-27,,49.0,Monthly,True
SUB-956f3ebe,CUST-05f91b81,Premium,Canceled,2026-01-19,2026-03-11,499.0,Monthly,False
SUB-b428c6d2,CUST-2dfb800b,Premium,Active,2024-06-16,,499.0,Monthly,True
SUB-7ab00526,CUST-16326858,Premium,Active,2025-12-01,,499.0,Monthly,True
SUB-49863ef1,CUST-147bce1b,Premium,Canceled,2025-10-07,2026-03-04,499.0,Monthly,False
SUB-60e6ba58,CUST-2d44be8d,Pro,Active,2025-05-27,,199.0,Monthly,True
SUB-40777592,CUST-1cbf3102,Premium,Active,2024-05-24,,499.0,Monthly,True
SUB-9a75ef91,CUST-10b817a1,Basic,Active,2024-11-19,,49.0,Monthly,True
SUB-1c5560b7,CUST-c283205b,Pro,Active,2026-01-01,,199.0,Monthly,True
SUB-07b11d7e,CUST-0baeaba0,Enterprise,Active,2026-01-12,,1999.0,Monthly,True
SUB-f5297b05,CUST-01606f27,Basic,Active,2025-04-03,,49.0,Monthly,True
SUB-e66ac13d,CUST-dad8c860,Basic,Active,2024-09-16,,49.0,Monthly,True
SUB-af09d2ed,CUST-8ff2793e,Pro,Active,2025-11-25,,199.0,Monthly,True
SUB-20a68e7f,CUST-12b326ef,Basic,Canceled,2026-01-27,2026-03-02,49.0,Monthly,False
SUB-db96eb2e,CUST-49f8906f,Basic,Active,2024-06-07,,49.0,Monthly,True
SUB-29f27b3a,CUST-c40c3670,Premium,Active,2025-10-26,,499.0,Monthly,True
SUB-731618e1,CUST-5d3253df,Enterprise,Canceled,2025-01-15,2025-03-19,1999.0,Monthly,False
SUB-adbac78e,CUST-ab187227,Pro,Active,2024-10-11,,199.0,Monthly,True
SUB-f15a1b6e,CUST-1608192e,Basic,Active,2024-07-21,,49.0,Monthly,True
SUB-35493269,CUST-19dba2e2,Basic,Canceled,2024-10-07,2025-09-24,49.0,Monthly,False
SUB-e8d31d3c,CUST-e04865e6,Premium,Canceled,2024-05-29,2025-01-31,499.0,Monthly,False
SUB-33029678,CUST-04c27452,Pro,Canceled,2025-07-18,2026-04-29,199.0,Monthly,False
SUB-ad1449ad,CUST-e1cdc284,Basic,Canceled,2025-10-05,2026-02-13,49.0,Monthly,False
SUB-66559414,CUST-64ce0362,Pro,Canceled,2025-03-15,2026-03-09,199.0,Monthly,False
SUB-435f4437,CUST-8dbb3806,Basic,Active,2025-01-29,,49.0,Monthly,True
SUB-be13d0a6,CUST-ad6fca99,Pro,Canceled,2024-10-18,2025-08-15,199.0,Monthly,False
SUB-19a05536,CUST-9eac2f65,Premium,Active,2024-12-14,,499.0,Monthly,True
SUB-8b271549,CUST-8536506a,Pro,Canceled,2025-01-02,2026-02-17,199.0,Monthly,False
SUB-a691cdba,CUST-4e910dc2,Pro,Active,2025-01-21,,199.0,Monthly,True
SUB-fe1de596,CUST-667a98b5,Basic,Active,2026-02-12,,49.0,Monthly,True
SUB-d3afd497,CUST-bb5500cf,Premium,Active,2024-05-11,,499.0,Monthly,True
SUB-cb63a9e6,CUST-1893b60b,Pro,Canceled,2024-06-18,2026-03-07,199.0,Monthly,False
SUB-58164319,CUST-6290cf52,Basic,Active,2026-04-11,,49.0,Monthly,True
SUB-9fc927c7,CUST-fd5f5c62,Pro,Canceled,2025-08-23,2025-11-17,199.0,Monthly,False
SUB-3812d51d,CUST-f111ef74,Basic,Canceled,2026-01-07,2026-02-23,49.0,Monthly,False
SUB-7f510880,CUST-3ab79b3f,Premium,Active,2024-08-15,,499.0,Monthly,True
SUB-538098cf,CUST-cb3e7dbd,Pro,Canceled,2024-12-18,2025-03-04,199.0,Monthly,False
SUB-51a8117f,CUST-0063bc5d,Enterprise,Canceled,2024-12-02,2026-01-22,1999.0,Monthly,False
SUB-c4580ef7,CUST-1457d3bd,Basic,Past Due,2024-12-31,,49.0,Monthly,True
SUB-62d2f279,CUST-658a2db2,Premium,Active,2024-11-30,,499.0,Monthly,True
SUB-b0f5a11a,CUST-52005ce7,Pro,Active,2025-07-05,,199.0,Monthly,True
SUB-71edee96,CUST-65167149,Premium,Active,2026-04-06,,499.0,Monthly,True
SUB-552626ac,CUST-64992aa2,Basic,Active,2025-10-05,,49.0,Monthly,True
SUB-f4ed8c26,CUST-b984ef98,Pro,Canceled,2025-06-06,2025-08-07,199.0,Monthly,False
SUB-8b2f4601,CUST-94fa4e97,Premium,Active,2025-07-03,,499.0,Monthly,True
SUB-8c6c8b96,CUST-2411f308,Basic,Canceled,2025-01-21,2025-12-22,49.0,Monthly,False
SUB-eaff5dbf,CUST-b960f009,Basic,Active,2026-04-02,,49.0,Monthly,True
SUB-28000ee6,CUST-06e4339d,Pro,Active,2025-06-12,,199.0,Monthly,True
SUB-10832b5b,CUST-96daf4f7,Pro,Canceled,2026-02-04,2026-05-07,199.0,Monthly,False
SUB-3977d8a4,CUST-552704a2,Basic,Canceled,2024-06-15,2026-02-01,49.0,Monthly,False
SUB-6fa692b2,CUST-8f99d538,Basic,Active,2026-03-18,,49.0,Monthly,True
SUB-1b0e65bf,CUST-3f245dee,Basic,Past Due,2026-02-10,,49.0,Monthly,True
SUB-27bb0686,CUST-ad81ca19,Premium,Active,2025-02-16,,499.0,Monthly,True
SUB-dbdff5cf,CUST-1c275276,Pro,Active,2025-07-01,,199.0,Monthly,True
SUB-d479caa1,CUST-f173365a,Premium,Active,2024-06-07,,499.0,Monthly,True
SUB-05274d46,CUST-a6d9fd4c,Enterprise,Active,2025-07-10,,1999.0,Monthly,True
SUB-d0f9d646,CUST-33484f42,Pro,Active,2026-02-13,,199.0,Monthly,True
SUB-1388ce06,CUST-ec89e273,Basic,Canceled,2026-01-01,2026-02-14,49.0,Monthly,False
SUB-bcfb2f72,CUST-6f1722db,Basic,Active,2026-02-27,,49.0,Monthly,True
SUB-704a7e3d,CUST-5545121f,Basic,Active,2025-11-28,,49.0,Monthly,True
SUB-6872f83b,CUST-610f92e4,Enterprise,Past Due,2025-10-05,,1999.0,Monthly,True
SUB-bad0bc01,CUST-fe8919af,Pro,Canceled,2024-05-22,2025-03-17,199.0,Monthly,False
SUB-834b2bfc,CUST-5514854b,Basic,Canceled,2025-01-27,2025-11-09,49.0,Monthly,False
SUB-0addba67,CUST-46b1c45c,Basic,Active,2025-07-30,,49.0,Monthly,True
SUB-678bafdd,CUST-2b4efc04,Pro,Canceled,2025-12-28,2026-04-01,199.0,Monthly,False
SUB-46f1651f,CUST-547054f5,Pro,Active,2024-05-08,,199.0,Monthly,True
SUB-a5a2a59b,CUST-5116ee5c,Basic,Active,2024-09-09,,49.0,Monthly,True
SUB-0fb09ee2,CUST-372b3f0a,Enterprise,Active,2024-07-22,,1999.0,Monthly,True
SUB-c4908061,CUST-834fe4a1,Pro,Active,2025-04-02,,199.0,Monthly,True
SUB-739a1bbb,CUST-e6e99c24,Basic,Canceled,2024-12-05,2025-11-11,49.0,Monthly,False
SUB-ea2a7bee,CUST-144d5d26,Premium,Canceled,2025-11-16,2026-02-04,499.0,Monthly,False
SUB-aeada75b,CUST-4e056336,Basic,Active,2026-01-06,,49.0,Monthly,True
SUB-bca346d0,CUST-5d9ccf03,Enterprise,Active,2025-02-06,,1999.0,Monthly,True
SUB-a44fbcba,CUST-40ad112c,Enterprise,Active,2026-04-07,,1999.0,Monthly,True
SUB-14bbe6d6,CUST-0e5b5755,Premium,Active,2024-10-02,,499.0,Monthly,True
SUB-9016da00,CUST-dd4251f1,Premium,Active,2025-11-22,,499.0,Monthly,True
SUB-65a3e594,CUST-232711c2,Basic,Past Due,2024-11-09,,49.0,Monthly,True
SUB-78b3d248,CUST-227130fc,Enterprise,Active,2025-06-20,,1999.0,Monthly,True
SUB-0b823ac1,CUST-0f90ff0d,Pro,Past Due,2025-09-29,,199.0,Monthly,True
SUB-125f4f2f,CUST-ab3b69a7,Premium,Active,2025-07-25,,499.0,Monthly,True
SUB-918e3363,CUST-021c6b4e,Enterprise,Active,2025-02-12,,1999.0,Monthly,True
SUB-a2cae079,CUST-4d8ee3f9,Enterprise,Canceled,2026-01-04,2026-03-14,1999.0,Monthly,False
SUB-91695f84,CUST-2d3d54d1,Premium,Active,2025-12-02,,499.0,Monthly,True
SUB-74265cb7,CUST-93e562c0,Basic,Canceled,2024-12-14,2025-05-16,49.0,Monthly,False
SUB-652a756f,CUST-a3d0789c,Enterprise,Active,2025-10-09,,1999.0,Monthly,True
SUB-13dce122,CUST-e433dd8c,Pro,Canceled,2025-03-26,2025-06-04,199.0,Monthly,False
SUB-56f0e059,CUST-cac25f59,Enterprise,Canceled,2025-07-14,2025-09-25,1999.0,Monthly,False
SUB-b2f8ed00,CUST-7286b1ef,Pro,Active,2024-11-09,,199.0,Monthly,True
SUB-9c636489,CUST-157aacdf,Basic,Active,2025-03-16,,49.0,Monthly,True
SUB-04ca21fc,CUST-1e5ed6f6,Basic,Canceled,2026-03-31,2026-05-02,49.0,Monthly,False
SUB-179efd27,CUST-7e0a430a,Pro,Active,2025-12-23,,199.0,Monthly,True
SUB-da83fd32,CUST-a1f72ee9,Premium,Active,2024-09-22,,499.0,Monthly,True
SUB-c2d92ef9,CUST-2e119609,Basic,Active,2024-07-29,,49.0,Monthly,True
SUB-bbcaf98d,CUST-323b2f3d,Pro,Active,2024-06-29,,199.0,Monthly,True
SUB-c2603c9f,CUST-3e707a6b,Basic,Active,2025-11-27,,49.0,Monthly,True
SUB-cd96124f,CUST-910dae2c,Premium,Canceled,2026-04-09,2026-05-10,499.0,Monthly,False
SUB-47cf6ed8,CUST-92162f2d,Pro,Active,2026-01-23,,199.0,Monthly,True
SUB-172357e9,CUST-8a69a480,Basic,Active,2026-01-28,,49.0,Monthly,True
SUB-6a63234c,CUST-69b830d2,Basic,Canceled,2025-08-31,2026-04-11,49.0,Monthly,False
SUB-4cc7d91c,CUST-55344ee7,Basic,Active,2025-10-29,,49.0,Monthly,True
SUB-2a4f7dce,CUST-6dd6aa56,Pro,Canceled,2026-02-21,2026-04-04,199.0,Monthly,False
SUB-f01d43d2,CUST-94fd26c5,Basic,Active,2026-01-22,,49.0,Monthly,True
SUB-046487b9,CUST-43a3669c,Basic,Active,2025-08-03,,49.0,Monthly,True
SUB-dabdfad9,CUST-e4aececd,Enterprise,Canceled,2026-01-05,2026-04-30,1999.0,Monthly,False
SUB-384372a1,CUST-06985569,Premium,Active,2026-04-22,,499.0,Monthly,True
SUB-f178aff1,CUST-c6ec3702,Pro,Canceled,2024-10-27,2026-02-17,199.0,Monthly,False
SUB-73935408,CUST-a0218962,Enterprise,Canceled,2025-06-06,2026-03-27,1999.0,Monthly,False
SUB-87fc0895,CUST-5be71367,Basic,Canceled,2025-09-28,2026-02-20,49.0,Monthly,False
SUB-c42477b8,CUST-c7759aee,Pro,Active,2024-10-02,,199.0,Monthly,True
SUB-5bd5485a,CUST-691c8730,Pro,Canceled,2025-09-23,2025-12-19,199.0,Monthly,False
SUB-70431f73,CUST-80b10761,Pro,Past Due,2025-01-19,,199.0,Monthly,True
SUB-2da3ed99,CUST-bae02249,Basic,Past Due,2025-10-26,,49.0,Monthly,True
SUB-6d4d7716,CUST-578cba9f,Pro,Canceled,2024-10-03,2025-06-25,199.0,Monthly,False
SUB-46760a7b,CUST-982c58f8,Pro,Active,2026-04-23,,199.0,Monthly,True
SUB-a6aeaf8b,CUST-77266baf,Premium,Canceled,2024-07-27,2024-09-02,499.0,Monthly,False
SUB-623b05b9,CUST-046c76ba,Basic,Canceled,2025-01-28,2025-04-04,49.0,Monthly,False
SUB-0b92d5dc,CUST-4f63ae8b,Basic,Canceled,2025-03-05,2026-04-01,49.0,Monthly,False
SUB-8c633acf,CUST-0d0c0eaa,Basic,Active,2025-08-19,,49.0,Monthly,True
SUB-f60acbac,CUST-36c8860d,Basic,Canceled,2025-08-07,2025-11-03,49.0,Monthly,False
SUB-f8e61905,CUST-a20ed4e4,Pro,Past Due,2025-04-26,,199.0,Monthly,True
SUB-63348c90,CUST-8b965eeb,Basic,Canceled,2025-05-17,2025-07-02,49.0,Monthly,False
SUB-005aef70,CUST-46ddaab4,Premium,Active,2025-02-13,,499.0,Monthly,True
SUB-9bce47eb,CUST-cd0178e3,Basic,Past Due,2024-07-22,,49.0,Monthly,True
SUB-6ea80365,CUST-95d66ef8,Basic,Active,2025-09-06,,49.0,Monthly,True
SUB-03f936ff,CUST-89b542f1,Pro,Active,2024-08-07,,199.0,Monthly,True
SUB-f302778d,CUST-356f57f1,Basic,Active,2026-04-11,,49.0,Monthly,True
SUB-5222aadf,CUST-ca3a43b8,Pro,Canceled,2026-04-14,2026-05-14,199.0,Monthly,False
SUB-c6c32326,CUST-8af1640a,Pro,Active,2024-05-16,,199.0,Monthly,True
SUB-46b92dc2,CUST-87a46ba9,Basic,Active,2025-01-18,,49.0,Monthly,True
SUB-c2d8628d,CUST-7ea177e7,Basic,Active,2025-11-26,,49.0,Monthly,True
SUB-08ea7dbf,CUST-3d5f5dfb,Basic,Active,2025-04-02,,49.0,Monthly,True
SUB-6345a867,CUST-a3c5921b,Basic,Active,2024-08-08,,49.0,Monthly,True
SUB-d9fa1542,CUST-7569f702,Basic,Active,2024-06-15,,49.0,Monthly,True
SUB-c2a40952,CUST-43e0b0e0,Basic,Past Due,2025-07-08,,49.0,Monthly,True
SUB-21a77ee8,CUST-3895484d,Basic,Active,2025-06-10,,49.0,Monthly,True
SUB-7836c826,CUST-c377a12c,Pro,Active,2024-07-12,,199.0,Monthly,True
SUB-09dc79cf,CUST-94d2681a,Pro,Active,2026-04-20,,199.0,Monthly,True
SUB-0c132722,CUST-c4e87f2f,Pro,Active,2025-10-20,,199.0,Monthly,True
SUB-4ac30b56,CUST-161ee4c5,Basic,Canceled,2024-11-29,2025-01-25,49.0,Monthly,False
SUB-65eb70d5,CUST-57df11ea,Basic,Canceled,2025-07-09,2025-09-27,49.0,Monthly,False
SUB-57c658e5,CUST-dc05df28,Premium,Past Due,2025-02-07,,499.0,Monthly,True
SUB-dcc00ce8,CUST-e94793ea,Pro,Canceled,2025-09-19,2026-04-23,199.0,Monthly,False
SUB-6a23086e,CUST-b23bbc1c,Premium,Active,2025-01-29,,499.0,Monthly,True
SUB-03f110ac,CUST-bb4e8ad2,Basic,Active,2026-04-27,,49.0,Monthly,True
SUB-702e3361,CUST-5ff529a8,Pro,Canceled,2025-01-17,2025-06-23,199.0,Monthly,False
SUB-f9da97c7,CUST-36ecded7,Pro,Active,2025-07-04,,199.0,Monthly,True
SUB-3bdc5a22,CUST-f3a8a357,Basic,Canceled,2025-05-05,2026-03-05,49.0,Monthly,False
SUB-4b4bcec0,CUST-814d7b2f,Pro,Active,2025-01-10,,199.0,Monthly,True
SUB-5423df8f,CUST-b7433778,Pro,Active,2025-02-03,,199.0,Monthly,True
SUB-a6bf8ee0,CUST-6e22c256,Basic,Active,2025-05-31,,49.0,Monthly,True
SUB-ddee1f6f,CUST-8994c27b,Basic,Canceled,2025-11-18,2026-02-19,49.0,Monthly,False
SUB-6adec6c2,CUST-d4dab662,Premium,Active,2026-04-23,,499.0,Monthly,True
SUB-925a35cd,CUST-6e5f1e75,Enterprise,Canceled,2025-06-29,2025-09-05,1999.0,Monthly,False
SUB-c822824a,CUST-dcb8f4bc,Basic,Active,2025-12-12,,49.0,Monthly,True
SUB-629b5ab9,CUST-a9ec6005,Basic,Active,2025-12-29,,49.0,Monthly,True
SUB-cc93b67a,CUST-b73b08db,Basic,Active,2024-10-24,,49.0,Monthly,True
SUB-960aaa66,CUST-072b1423,Pro,Past Due,2025-04-10,,199.0,Monthly,True
SUB-718cc914,CUST-315ad390,Basic,Canceled,2025-09-30,2026-03-17,49.0,Monthly,False
SUB-55e76df4,CUST-a2a04092,Enterprise,Active,2024-08-12,,1999.0,Monthly,True
SUB-2c181efe,CUST-8c03be60,Basic,Canceled,2025-06-23,2025-09-08,49.0,Monthly,False
SUB-631d9b0e,CUST-f67e2964,Basic,Canceled,2025-06-14,2025-11-12,49.0,Monthly,False
SUB-71fa0cff,CUST-5f504bfa,Pro,Active,2025-12-17,,199.0,Monthly,True
SUB-52db91f4,CUST-296b10fa,Premium,Active,2025-10-15,,499.0,Monthly,True
SUB-abffbe1e,CUST-368c1257,Pro,Active,2026-01-29,,199.0,Monthly,True
SUB-ac5a1301,CUST-0039353d,Pro,Active,2025-02-03,,199.0,Monthly,True
SUB-66134275,CUST-96beef23,Enterprise,Past Due,2026-01-21,,1999.0,Monthly,True
SUB-1d82496a,CUST-ce82e584,Basic,Active,2025-02-05,,49.0,Monthly,True
SUB-3c18fc71,CUST-cb03f639,Premium,Active,2024-06-05,,499.0,Monthly,True
SUB-0360168a,CUST-1e370c64,Basic,Active,2024-06-10,,49.0,Monthly,True
SUB-e6be7ebe,CUST-6fbccc54,Premium,Active,2025-03-27,,499.0,Monthly,True
SUB-6419e54d,CUST-a02fe1c3,Pro,Active,2025-08-07,,199.0,Monthly,True
SUB-1f65514b,CUST-a995a5f3,Basic,Active,2025-04-24,,49.0,Monthly,True
SUB-3119d871,CUST-e489c556,Premium,Canceled,2025-01-23,2026-03-03,499.0,Monthly,False
SUB-e03e8dd8,CUST-df703a20,Basic,Active,2024-06-02,,49.0,Monthly,True
SUB-52452cd6,CUST-743ab906,Basic,Active,2025-02-06,,49.0,Monthly,True
SUB-88ed8105,CUST-b9956851,Pro,Canceled,2025-07-20,2026-04-25,199.0,Monthly,False
SUB-c0127a8e,CUST-c391e66e,Basic,Active,2024-07-14,,49.0,Monthly,True
SUB-2e87567e,CUST-031ae2a1,Pro,Active,2025-06-05,,199.0,Monthly,True
SUB-78e156ed,CUST-d5221ac4,Basic,Active,2025-04-18,,49.0,Monthly,True
SUB-7b1bfe86,CUST-666eafdc,Basic,Active,2025-06-29,,49.0,Monthly,True
SUB-a2744336,CUST-6c0f6824,Basic,Active,2025-10-24,,49.0,Monthly,True
SUB-e94d4c53,CUST-05869f56,Basic,Active,2024-09-26,,49.0,Monthly,True
SUB-406475bd,CUST-8108d030,Pro,Past Due,2025-11-13,,199.0,Monthly,True
SUB-1373e769,CUST-e6ec507b,Premium,Active,2024-05-30,,499.0,Monthly,True
SUB-bad71680,CUST-97bf46a4,Enterprise,Canceled,2024-10-21,2026-04-18,1999.0,Monthly,False
SUB-124cdac0,CUST-5e627f58,Premium,Canceled,2025-01-08,2026-04-19,499.0,Monthly,False
SUB-fd06d92f,CUST-db4f6eda,Basic,Active,2025-10-11,,49.0,Monthly,True
SUB-ae76a278,CUST-65cbdad0,Pro,Canceled,2024-11-12,2025-02-08,199.0,Monthly,False
SUB-cc0d1796,CUST-739feacd,Basic,Active,2025-08-22,,49.0,Monthly,True
SUB-797bb411,CUST-3027e654,Basic,Past Due,2025-09-04,,49.0,Monthly,True
SUB-b9fb586c,CUST-132ac675,Pro,Canceled,2025-01-31,2025-06-05,199.0,Monthly,False
SUB-01acc3b1,CUST-5bcaafb6,Basic,Past Due,2025-12-27,,49.0,Monthly,True
SUB-3aa42713,CUST-f7be4774,Basic,Past Due,2025-10-22,,49.0,Monthly,True
SUB-9ea5e548,CUST-1ac141c4,Enterprise,Active,2024-05-08,,1999.0,Monthly,True
SUB-c1353797,CUST-2e7f630c,Pro,Active,2024-10-12,,199.0,Monthly,True
SUB-f571d684,CUST-3f158293,Pro,Canceled,2025-11-17,2026-02-18,199.0,Monthly,False
SUB-d0803b71,CUST-9886d86e,Basic,Canceled,2026-02-23,2026-05-01,49.0,Monthly,False
SUB-84d1a46a,CUST-80093d6e,Basic,Canceled,2024-12-05,2025-11-04,49.0,Monthly,False
SUB-ad84c847,CUST-83184d71,Premium,Canceled,2024-09-03,2024-11-12,499.0,Monthly,False
SUB-f1192a46,CUST-3a3c4315,Basic,Active,2024-10-05,,49.0,Monthly,True
SUB-af817d73,CUST-4ae9d46a,Pro,Active,2024-11-18,,199.0,Monthly,True
SUB-78a05d0b,CUST-80bca1f4,Basic,Active,2025-08-14,,49.0,Monthly,True
SUB-789cb67d,CUST-6e07e054,Pro,Active,2026-01-19,,199.0,Monthly,True
SUB-dbbb6297,CUST-3c6e03c7,Basic,Active,2024-08-04,,49.0,Monthly,True
SUB-30c5eefc,CUST-6f068a29,Premium,Canceled,2025-07-19,2025-11-30,499.0,Monthly,False
SUB-8fcfb26f,CUST-6c2cc678,Premium,Active,2026-02-06,,499.0,Monthly,True
SUB-88ff736f,CUST-f8402d43,Premium,Active,2025-08-05,,499.0,Monthly,True
SUB-5deda6b6,CUST-e32c940e,Basic,Active,2024-11-23,,49.0,Monthly,True
SUB-1e1dbbfb,CUST-d9ea3633,Premium,Active,2025-05-13,,499.0,Monthly,True
SUB-7ce6501b,CUST-44d79622,Pro,Canceled,2024-11-02,2025-10-05,199.0,Monthly,False
SUB-605db813,CUST-1fbea813,Basic,Active,2026-03-03,,49.0,Monthly,True
SUB-e0d8cea2,CUST-8980999c,Pro,Active,2025-02-12,,199.0,Monthly,True
SUB-79a47b69,CUST-20c3584e,Basic,Canceled,2024-07-04,2024-10-16,49.0,Monthly,False
SUB-83762705,CUST-8b51999d,Basic,Past Due,2024-05-17,,49.0,Monthly,True
SUB-9a14dd60,CUST-50746848,Premium,Active,2025-06-03,,499.0,Monthly,True
SUB-5d8e033d,CUST-5d17ecf7,Basic,Active,2024-09-18,,49.0,Monthly,True
SUB-dd76d50a,CUST-da2d4335,Pro,Canceled,2024-12-31,2025-03-22,199.0,Monthly,False
SUB-96c884e0,CUST-23530c93,Basic,Past Due,2024-12-22,,49.0,Monthly,True
SUB-37ae28cc,CUST-05d2aa92,Premium,Canceled,2024-08-05,2025-04-10,499.0,Monthly,False
SUB-1415cbaf,CUST-400a8771,Enterprise,Canceled,2026-02-14,2026-04-17,1999.0,Monthly,False
SUB-3d855672,CUST-107242d5,Premium,Active,2024-07-12,,499.0,Monthly,True
SUB-6a9de238,CUST-7bcf372b,Basic,Canceled,2024-08-16,2025-09-07,49.0,Monthly,False
SUB-d2f5e8ac,CUST-174cc56b,Basic,Canceled,2025-08-15,2026-04-27,49.0,Monthly,False
SUB-05fb36c2,CUST-5e40f4e9,Pro,Canceled,2025-01-20,2025-03-26,199.0,Monthly,False
SUB-60242dcf,CUST-af3f30f7,Basic,Canceled,2025-07-20,2025-12-22,49.0,Monthly,False
SUB-cf7ec60f,CUST-ef5bfb52,Basic,Active,2024-12-06,,49.0,Monthly,True
SUB-91e8548c,CUST-c7fa1a97,Pro,Active,2025-01-15,,199.0,Monthly,True
SUB-7430752f,CUST-622fcdda,Pro,Active,2025-10-01,,199.0,Monthly,True
SUB-6f3f6adc,CUST-9ca4d98d,Enterprise,Active,2024-07-10,,1999.0,Monthly,True
SUB-d7fbf733,CUST-7f340b66,Basic,Active,2025-03-03,,49.0,Monthly,True
SUB-7d936206,CUST-826b669f,Basic,Canceled,2025-05-24,2026-03-20,49.0,Monthly,False
SUB-12227ec8,CUST-4ba30402,Basic,Canceled,2026-05-02,2026-06-01,49.0,Monthly,False
SUB-ae5e4ec3,CUST-bd7a8297,Enterprise,Active,2024-05-20,,1999.0,Monthly,True
SUB-7b894147,CUST-99da3e5a,Premium,Canceled,2024-09-20,2025-08-22,499.0,Monthly,False
SUB-9760db79,CUST-151a80d5,Premium,Canceled,2025-12-06,2026-05-04,499.0,Monthly,False
SUB-ffbf6e39,CUST-12ff4fea,Enterprise,Active,2025-10-01,,1999.0,Monthly,True
SUB-5a6a9726,CUST-d3627128,Pro,Active,2024-10-17,,199.0,Monthly,True
SUB-d02745c7,CUST-6a3ec9e2,Pro,Active,2025-05-30,,199.0,Monthly,True
SUB-95f08523,CUST-1d11add5,Basic,Canceled,2025-08-21,2025-10-19,49.0,Monthly,False
SUB-0b745fac,CUST-9ee8c9b7,Pro,Active,2025-03-15,,199.0,Monthly,True
SUB-967955fc,CUST-86446c0a,Pro,Active,2025-06-30,,199.0,Monthly,True
SUB-705930ad,CUST-6e921992,Pro,Active,2024-07-24,,199.0,Monthly,True
SUB-75d366f4,CUST-dd520177,Enterprise,Canceled,2025-05-06,2025-10-27,1999.0,Monthly,False
SUB-60f69155,CUST-2ef9a499,Enterprise,Canceled,2026-05-07,2026-06-06,1999.0,Monthly,False
SUB-bacfcf91,CUST-976fa4cf,Premium,Canceled,2025-07-06,2026-01-27,499.0,Monthly,False
SUB-3d8da3fa,CUST-df8afc93,Premium,Canceled,2025-06-19,2025-10-31,499.0,Monthly,False
SUB-c558879e,CUST-47d6d9f6,Pro,Canceled,2024-12-18,2026-01-03,199.0,Monthly,False
SUB-788dfc01,CUST-04380d57,Basic,Canceled,2024-11-19,2025-11-08,49.0,Monthly,False
SUB-6ce7e984,CUST-8e6001ba,Basic,Canceled,2026-01-02,2026-03-06,49.0,Monthly,False
SUB-d40928b2,CUST-286b0f2c,Pro,Canceled,2024-07-20,2026-01-18,199.0,Monthly,False
SUB-42be1351,CUST-8c9930c7,Premium,Active,2025-04-29,,499.0,Monthly,True
SUB-e3284846,CUST-b6977e38,Basic,Active,2025-09-21,,49.0,Monthly,True
SUB-33729dff,CUST-323d8c3b,Enterprise,Active,2025-06-23,,1999.0,Monthly,True
SUB-e87ccd30,CUST-e6495725,Basic,Past Due,2025-06-19,,49.0,Monthly,True
SUB-0f09766e,CUST-3c86d76a,Basic,Active,2026-05-05,,49.0,Monthly,True
SUB-34667f75,CUST-0896b685,Pro,Active,2025-06-25,,199.0,Monthly,True
SUB-36632279,CUST-91102861,Basic,Canceled,2025-08-24,2025-09-23,49.0,Monthly,False
SUB-cecdbfb8,CUST-9ba32248,Basic,Canceled,2026-05-04,2026-06-04,49.0,Monthly,False
SUB-8df91d12,CUST-00e08588,Basic,Canceled,2026-02-01,2026-03-19,49.0,Monthly,False
SUB-7d9f5198,CUST-3770676d,Premium,Active,2026-03-08,,499.0,Monthly,True
SUB-fa015f8b,CUST-8b20ecfb,Pro,Active,2025-02-14,,199.0,Monthly,True
SUB-171a5ae9,CUST-4f2289a0,Pro,Active,2024-07-21,,199.0,Monthly,True
SUB-b0fdccbc,CUST-59ba713d,Pro,Active,2024-06-24,,199.0,Monthly,True
SUB-082bc6ac,CUST-426b75e1,Basic,Active,2025-06-10,,49.0,Monthly,True
SUB-cfe811b4,CUST-36deabfb,Enterprise,Past Due,2025-12-30,,1999.0,Monthly,True
SUB-83f0905a,CUST-3cbe5c79,Basic,Canceled,2026-01-25,2026-03-05,49.0,Monthly,False
SUB-2ed87b2c,CUST-16dd4f66,Enterprise,Canceled,2025-05-28,2025-09-11,1999.0,Monthly,False
SUB-2e3a939f,CUST-73f85789,Pro,Active,2025-01-07,,199.0,Monthly,True
SUB-9b1a6da2,CUST-cd00e746,Enterprise,Active,2024-12-20,,1999.0,Monthly,True
SUB-55c947d6,CUST-dc47ba13,Basic,Active,2024-09-05,,49.0,Monthly,True
SUB-4984cb8f,CUST-7992eca5,Pro,Active,2024-09-08,,199.0,Monthly,True
SUB-14b47663,CUST-abdc8129,Basic,Canceled,2024-10-05,2025-03-14,49.0,Monthly,False
SUB-c007b584,CUST-3272677f,Basic,Past Due,2024-10-25,,49.0,Monthly,True
SUB-460298d8,CUST-d0f6339f,Pro,Active,2025-04-18,,199.0,Monthly,True
SUB-6b844fb2,CUST-d566978e,Basic,Active,2025-12-12,,49.0,Monthly,True
SUB-91f45d5a,CUST-2edf2525,Pro,Active,2024-08-21,,199.0,Monthly,True
SUB-12dadc8a,CUST-b15747f3,Basic,Past Due,2025-08-27,,49.0,Monthly,True
SUB-3f732ebb,CUST-9d106d5c,Basic,Canceled,2026-01-20,2026-04-05,49.0,Monthly,False
SUB-3ede097e,CUST-8980c909,Premium,Active,2024-11-13,,499.0,Monthly,True
SUB-3ee14af6,CUST-9f218537,Pro,Active,2026-02-10,,199.0,Monthly,True
SUB-14819604,CUST-3bc52bad,Pro,Active,2024-06-18,,199.0,Monthly,True
SUB-f4c2c3c2,CUST-c889d6b0,Pro,Active,2024-11-27,,199.0,Monthly,True
SUB-24d92ee2,CUST-256d010d,Premium,Canceled,2025-02-27,2025-10-23,499.0,Monthly,False
SUB-0ad1987f,CUST-c7643676,Basic,Active,2024-09-25,,49.0,Monthly,True
SUB-f82b5a92,CUST-c94c5736,Pro,Active,2025-09-26,,199.0,Monthly,True
SUB-5b7a2257,CUST-c2971ccd,Enterprise,Active,2024-09-01,,1999.0,Monthly,True
SUB-ae812390,CUST-f4fcb452,Premium,Active,2025-06-23,,499.0,Monthly,True
SUB-1d898111,CUST-6c893f3e,Pro,Active,2025-06-06,,199.0,Monthly,True
SUB-8ae3c119,CUST-d73ae4f1,Pro,Active,2025-09-07,,199.0,Monthly,True
SUB-cec06703,CUST-d4b80df6,Premium,Active,2024-11-09,,499.0,Monthly,True
SUB-c82b9089,CUST-a539d8a4,Pro,Canceled,2024-10-08,2026-01-03,199.0,Monthly,False
SUB-e9f0482a,CUST-d29ebc01,Basic,Past Due,2024-12-28,,49.0,Monthly,True
SUB-693c340d,CUST-a9789b72,Basic,Canceled,2026-03-06,2026-04-26,49.0,Monthly,False
SUB-04b635c1,CUST-f0671929,Premium,Active,2025-06-25,,499.0,Monthly,True
SUB-a80201a4,CUST-f373ac37,Basic,Canceled,2024-06-27,2025-09-21,49.0,Monthly,False
SUB-fd0b2a9e,CUST-593658d7,Premium,Canceled,2026-04-05,2026-05-07,499.0,Monthly,False
SUB-93270faa,CUST-549aeba3,Basic,Active,2025-10-28,,49.0,Monthly,True
SUB-dff941f8,CUST-cb3c240f,Pro,Canceled,2025-05-14,2025-10-18,199.0,Monthly,False
SUB-85484ee7,CUST-461f3e23,Basic,Active,2025-12-19,,49.0,Monthly,True
SUB-f645def7,CUST-a16ff662,Basic,Canceled,2026-01-09,2026-02-21,49.0,Monthly,False
SUB-59ae45d7,CUST-e2d06070,Enterprise,Active,2025-03-31,,1999.0,Monthly,True
SUB-dc88ba9f,CUST-0d90f12a,Premium,Past Due,2025-11-26,,499.0,Monthly,True
SUB-32daa458,CUST-8d6e914a,Pro,Active,2025-09-06,,199.0,Monthly,True
SUB-b23bf38c,CUST-a0330957,Pro,Canceled,2025-05-22,2025-10-01,199.0,Monthly,False
SUB-7d11a059,CUST-09615c72,Pro,Active,2025-06-14,,199.0,Monthly,True
SUB-6a93f7fc,CUST-d6b30fde,Pro,Active,2024-07-07,,199.0,Monthly,True
SUB-2537e97a,CUST-dbfc307d,Pro,Canceled,2025-11-01,2026-02-17,199.0,Monthly,False
SUB-6debb1c7,CUST-122a2bd6,Basic,Canceled,2026-02-25,2026-04-10,49.0,Monthly,False
SUB-1e82d2c5,CUST-87c9ba7e,Pro,Active,2025-02-03,,199.0,Monthly,True
SUB-56fa1994,CUST-2689c304,Premium,Active,2026-02-06,,499.0,Monthly,True
SUB-95d9c118,CUST-6a8bea0c,Enterprise,Active,2025-05-01,,1999.0,Monthly,True
SUB-bf80c553,CUST-b8cd91f0,Basic,Active,2024-09-29,,49.0,Monthly,True
SUB-9474c2d5,CUST-da55b209,Premium,Past Due,2025-03-26,,499.0,Monthly,True
SUB-375be2e0,CUST-8ae1bfd4,Pro,Canceled,2026-01-23,2026-03-29,199.0,Monthly,False
SUB-daf72792,CUST-63590e76,Pro,Active,2025-12-29,,199.0,Monthly,True
SUB-798b53de,CUST-91c74c14,Basic,Active,2026-03-29,,49.0,Monthly,True
SUB-2b8d723a,CUST-fb0cd14b,Pro,Active,2026-04-16,,199.0,Monthly,True
SUB-68a1621f,CUST-44eb7a07,Basic,Active,2026-02-01,,49.0,Monthly,True
SUB-a08d2012,CUST-f5a87457,Basic,Active,2024-07-16,,49.0,Monthly,True
SUB-dcc4c2e2,CUST-2bd38945,Premium,Past Due,2025-04-29,,499.0,Monthly,True
SUB-41c42708,CUST-f32414c7,Premium,Active,2025-03-03,,499.0,Monthly,True
SUB-76001f18,CUST-4d4b96cf,Pro,Canceled,2026-03-23,2026-04-30,199.0,Monthly,False
SUB-984810b5,CUST-09475927,Enterprise,Active,2025-01-30,,1999.0,Monthly,True
SUB-36d255e6,CUST-57b315d0,Basic,Canceled,2024-11-27,2026-05-03,49.0,Monthly,False
SUB-2b3b9475,CUST-434e0a68,Basic,Canceled,2025-06-06,2025-11-18,49.0,Monthly,False
SUB-6a047828,CUST-d5e13a88,Pro,Past Due,2026-01-31,,199.0,Monthly,True
SUB-2d4e6844,CUST-064a2133,Basic,Canceled,2026-01-28,2026-04-23,49.0,Monthly,False
SUB-6ec3e077,CUST-5731e3de,Basic,Active,2024-09-12,,49.0,Monthly,True
SUB-46567826,CUST-03036de5,Basic,Active,2025-08-08,,49.0,Monthly,True
SUB-272e5d8f,CUST-6eaac881,Basic,Canceled,2026-02-08,2026-04-06,49.0,Monthly,False
SUB-495a7ff7,CUST-97c45d61,Premium,Active,2025-05-26,,499.0,Monthly,True
SUB-18a9dd9b,CUST-5bdd2e56,Basic,Active,2024-09-15,,49.0,Monthly,True
SUB-f96abeba,CUST-abbc1a27,Pro,Canceled,2025-05-03,2025-12-16,199.0,Monthly,False
SUB-86644581,CUST-846142f0,Basic,Active,2025-01-07,,49.0,Monthly,True
SUB-ebf1c469,CUST-edf2960f,Pro,Active,2025-01-14,,199.0,Monthly,True
SUB-f0993637,CUST-be9f4199,Basic,Canceled,2024-09-17,2024-12-01,49.0,Monthly,False
SUB-cd78a5ea,CUST-bb241762,Premium,Active,2024-12-20,,499.0,Monthly,True
SUB-4d3b7fb5,CUST-118b91d9,Pro,Past Due,2025-07-04,,199.0,Monthly,True
SUB-1df1a280,CUST-bf6d8b31,Basic,Active,2024-08-08,,49.0,Monthly,True
SUB-cc9b9450,CUST-bc86a76f,Pro,Active,2024-07-08,,199.0,Monthly,True
SUB-3a035eb9,CUST-5543aefe,Basic,Active,2024-12-12,,49.0,Monthly,True
SUB-22517aac,CUST-593f6c8d,Pro,Canceled,2025-11-02,2026-01-21,199.0,Monthly,False
SUB-1cceb82c,CUST-bf6280ed,Basic,Active,2025-11-22,,49.0,Monthly,True
SUB-0f64ae39,CUST-dc0be26b,Enterprise,Past Due,2025-09-21,,1999.0,Monthly,True
SUB-9ba5a951,CUST-f0d9df4e,Basic,Canceled,2025-02-06,2026-02-11,49.0,Monthly,False
SUB-8085f4ef,CUST-4f59ecea,Pro,Canceled,2024-11-25,2026-04-10,199.0,Monthly,False
SUB-d0a07c6d,CUST-78734f64,Basic,Active,2025-08-01,,49.0,Monthly,True
SUB-1d3e1ca9,CUST-4d61ad94,Basic,Active,2024-09-06,,49.0,Monthly,True
SUB-586b29a9,CUST-8621543a,Pro,Active,2024-09-27,,199.0,Monthly,True
SUB-6a0cee85,CUST-3b2d6ab4,Enterprise,Active,2025-08-24,,1999.0,Monthly,True
SUB-f3b499f1,CUST-a0b45796,Basic,Active,2026-02-08,,49.0,Monthly,True
SUB-d773bd0e,CUST-ee5e0427,Basic,Active,2025-04-18,,49.0,Monthly,True
SUB-404762f4,CUST-7bc3be48,Basic,Canceled,2025-12-31,2026-03-23,49.0,Monthly,False
SUB-af352e40,CUST-7b2fff43,Basic,Canceled,2025-04-25,2025-11-08,49.0,Monthly,False
SUB-b28d0221,CUST-039acf0a,Basic,Active,2025-07-29,,49.0,Monthly,True
SUB-dd5205af,CUST-4f9ad847,Pro,Active,2025-09-06,,199.0,Monthly,True
SUB-10657283,CUST-659d1501,Basic,Active,2025-02-04,,49.0,Monthly,True
SUB-026a97d9,CUST-ec32b4a3,Basic,Active,2024-08-24,,49.0,Monthly,True
SUB-7bd1645c,CUST-6b69d122,Premium,Active,2024-07-14,,499.0,Monthly,True
SUB-24c71b60,CUST-036e2285,Basic,Canceled,2025-11-15,2026-01-28,49.0,Monthly,False
SUB-9ddcf228,CUST-26d979cf,Basic,Active,2025-02-20,,49.0,Monthly,True
SUB-4d3ac824,CUST-88710e47,Basic,Active,2025-11-20,,49.0,Monthly,True
SUB-5a8ac24b,CUST-790a5f2e,Pro,Canceled,2025-07-20,2025-08-19,199.0,Monthly,False
SUB-48b4f3c0,CUST-b4c3ec25,Basic,Active,2025-06-26,,49.0,Monthly,True
SUB-87ad5913,CUST-2555e9b6,Pro,Active,2025-11-22,,199.0,Monthly,True
SUB-728c00c8,CUST-5a2cdd40,Basic,Active,2024-05-30,,49.0,Monthly,True
SUB-4c970340,CUST-86e1d913,Pro,Active,2025-08-28,,199.0,Monthly,True
SUB-b5b6381a,CUST-827eb435,Basic,Canceled,2025-12-12,2026-02-21,49.0,Monthly,False
SUB-012157db,CUST-b2079426,Pro,Active,2024-12-05,,199.0,Monthly,True
SUB-7864ba1a,CUST-9a86549d,Premium,Active,2025-09-24,,499.0,Monthly,True
SUB-839b0b9a,CUST-66b806aa,Pro,Active,2024-09-07,,199.0,Monthly,True
SUB-102b79d2,CUST-d4d65cd5,Basic,Canceled,2024-09-02,2026-01-29,49.0,Monthly,False
SUB-1e278478,CUST-2b62d18f,Basic,Active,2024-07-17,,49.0,Monthly,True
SUB-33348081,CUST-64db7450,Basic,Active,2025-03-09,,49.0,Monthly,True
SUB-2e0aab85,CUST-ad632921,Basic,Active,2026-01-20,,49.0,Monthly,True
SUB-7fa979e1,CUST-4871b882,Basic,Active,2026-03-13,,49.0,Monthly,True
SUB-d0db9662,CUST-07ce2c5c,Premium,Active,2025-03-18,,499.0,Monthly,True
SUB-4e70eaa8,CUST-d5214812,Basic,Active,2024-09-16,,49.0,Monthly,True
SUB-020b0bb4,CUST-f9cd69e2,Pro,Active,2024-12-16,,199.0,Monthly,True
SUB-0bca8545,CUST-918bee6e,Pro,Past Due,2026-04-24,,199.0,Monthly,True
SUB-c14ddb8b,CUST-95499959,Pro,Canceled,2026-01-28,2026-03-29,199.0,Monthly,False
SUB-f0f7ced6,CUST-a9847713,Basic,Active,2025-06-16,,49.0,Monthly,True
SUB-18fc487c,CUST-10b2c1a1,Premium,Active,2025-01-01,,499.0,Monthly,True
SUB-708f9fae,CUST-ef83d9cf,Basic,Active,2025-05-27,,49.0,Monthly,True
SUB-531640da,CUST-97145da0,Premium,Canceled,2025-11-27,2026-01-02,499.0,Monthly,False
SUB-de21306a,CUST-843b49fc,Premium,Past Due,2024-11-08,,499.0,Monthly,True
SUB-97a138bc,CUST-8ff8a8c9,Premium,Canceled,2025-08-23,2026-01-21,499.0,Monthly,False
SUB-87ef04ab,CUST-f7383446,Pro,Canceled,2025-07-14,2025-09-19,199.0,Monthly,False
SUB-caa278d0,CUST-b3d22bb8,Basic,Active,2024-09-30,,49.0,Monthly,True
SUB-a5f5ebd6,CUST-99abd6f7,Basic,Canceled,2025-01-03,2026-05-01,49.0,Monthly,False
SUB-47b606f1,CUST-70951a68,Pro,Active,2026-01-12,,199.0,Monthly,True
SUB-213ce3e7,CUST-5b90e60a,Basic,Active,2025-01-23,,49.0,Monthly,True
SUB-0b7a4ea4,CUST-2e400e04,Premium,Canceled,2025-09-25,2026-04-21,499.0,Monthly,False
SUB-56e999a9,CUST-18311f83,Basic,Canceled,2024-10-02,2025-11-29,49.0,Monthly,False
SUB-f9d4799b,CUST-e85ddc8f,Basic,Active,2024-07-06,,49.0,Monthly,True
SUB-76ee4649,CUST-c90923f3,Basic,Active,2024-06-16,,49.0,Monthly,True
SUB-4db561e0,CUST-ce81d571,Basic,Active,2026-03-31,,49.0,Monthly,True
SUB-27694139,CUST-7dc0724f,Pro,Canceled,2025-07-10,2025-08-11,199.0,Monthly,False
SUB-8e697715,CUST-85f84b5e,Premium,Active,2025-07-04,,499.0,Monthly,True
SUB-21b71f3d,CUST-2c2af628,Pro,Active,2025-10-26,,199.0,Monthly,True
SUB-f6e86280,CUST-5c7c9092,Premium,Active,2026-03-02,,499.0,Monthly,True
SUB-2e61b4b2,CUST-83b80359,Premium,Active,2025-03-24,,499.0,Monthly,True
SUB-1ebb6450,CUST-03417ac3,Premium,Canceled,2024-09-15,2025-05-27,499.0,Monthly,False
SUB-703a1d58,CUST-51bd91fa,Basic,Active,2025-03-17,,49.0,Monthly,True
SUB-f9427dae,CUST-d2a83c0c,Premium,Canceled,2025-02-24,2026-03-17,499.0,Monthly,False
SUB-9a1d62de,CUST-743bc31c,Basic,Active,2026-03-11,,49.0,Monthly,True
SUB-c59890fa,CUST-549ec586,Basic,Canceled,2025-09-06,2025-10-18,49.0,Monthly,False
SUB-5b4984da,CUST-d7b6de4e,Pro,Active,2025-10-11,,199.0,Monthly,True
SUB-d802b908,CUST-9b7a0c16,Basic,Active,2025-12-04,,49.0,Monthly,True
SUB-6fae56ad,CUST-278eea94,Basic,Active,2025-08-11,,49.0,Monthly,True
SUB-c24554d3,CUST-f604e6b8,Basic,Active,2026-02-05,,49.0,Monthly,True
SUB-96a45d57,CUST-f19cb62b,Basic,Active,2026-02-23,,49.0,Monthly,True
SUB-c74b6da5,CUST-35201a65,Enterprise,Canceled,2025-07-20,2026-01-28,1999.0,Monthly,False
SUB-6b5eefb1,CUST-1175391b,Basic,Active,2025-09-21,,49.0,Monthly,True
SUB-da6da9fc,CUST-9ff61aaa,Basic,Active,2024-10-24,,49.0,Monthly,True
SUB-89fae2ea,CUST-89255fc3,Pro,Active,2025-05-10,,199.0,Monthly,True
SUB-b61250fa,CUST-1065c818,Basic,Active,2024-09-26,,49.0,Monthly,True
SUB-4c5b7828,CUST-77c1cf00,Enterprise,Active,2024-12-13,,1999.0,Monthly,True
SUB-3056cfae,CUST-2f3eb2eb,Basic,Canceled,2024-06-22,2026-02-03,49.0,Monthly,False
SUB-bc88a7c1,CUST-b5233288,Pro,Canceled,2026-02-25,2026-04-24,199.0,Monthly,False
SUB-b002e153,CUST-70215da1,Pro,Active,2026-02-28,,199.0,Monthly,True
SUB-b260799c,CUST-26380545,Enterprise,Active,2025-09-13,,1999.0,Monthly,True
SUB-8079ca55,CUST-9a654212,Pro,Active,2024-11-26,,199.0,Monthly,True
SUB-1fa6072e,CUST-3174ac82,Premium,Active,2026-04-17,,499.0,Monthly,True
SUB-f08745dc,CUST-58f73370,Basic,Active,2024-05-31,,49.0,Monthly,True
SUB-58e792ea,CUST-a9074489,Basic,Active,2025-07-06,,49.0,Monthly,True
SUB-dd3ed3d4,CUST-c1c73aa5,Basic,Active,2025-06-16,,49.0,Monthly,True
SUB-c425837c,CUST-e4fdfe40,Premium,Active,2025-05-18,,499.0,Monthly,True
SUB-675a1788,CUST-657e21b8,Basic,Canceled,2025-06-05,2025-11-04,49.0,Monthly,False
SUB-5f379659,CUST-5d71d28c,Basic,Active,2024-10-25,,49.0,Monthly,True
SUB-5d962f0d,CUST-221d09b1,Basic,Past Due,2025-02-20,,49.0,Monthly,True
SUB-0bb4e295,CUST-eabef79d,Basic,Active,2025-02-12,,49.0,Monthly,True
SUB-fe08569b,CUST-92e22df9,Basic,Active,2025-02-14,,49.0,Monthly,True
SUB-5a9a9d0a,CUST-a23a93ca,Enterprise,Canceled,2024-12-01,2025-06-12,1999.0,Monthly,False
SUB-7c013a9d,CUST-93c40157,Pro,Canceled,2024-09-19,2026-04-25,199.0,Monthly,False
SUB-b7832b9f,CUST-0786f9c9,Pro,Canceled,2026-04-05,2026-05-05,199.0,Monthly,False
SUB-2155aca8,CUST-cb2cae25,Premium,Active,2024-09-02,,499.0,Monthly,True
SUB-12e86e55,CUST-6467358e,Basic,Canceled,2025-09-19,2025-12-17,49.0,Monthly,False
SUB-ae0ea888,CUST-a529969e,Basic,Active,2025-03-21,,49.0,Monthly,True
SUB-129c595b,CUST-ab7cb2b9,Basic,Canceled,2025-01-07,2025-04-25,49.0,Monthly,False
SUB-b6180680,CUST-2a4b606b,Basic,Active,2025-08-24,,49.0,Monthly,True
SUB-8ec91f71,CUST-299bbbdc,Pro,Canceled,2025-12-06,2026-01-13,199.0,Monthly,False
SUB-f493db10,CUST-c6872524,Basic,Canceled,2025-02-19,2025-10-19,49.0,Monthly,False
SUB-a528eb6b,CUST-2fb17359,Basic,Canceled,2024-05-13,2025-08-03,49.0,Monthly,False
SUB-588fb40a,CUST-1db3d44c,Pro,Active,2025-02-27,,199.0,Monthly,True
SUB-746dac88,CUST-006f22ff,Enterprise,Active,2026-01-11,,1999.0,Monthly,True
SUB-56e69438,CUST-f1056bcb,Premium,Canceled,2026-01-18,2026-02-24,499.0,Monthly,False
SUB-590a20e7,CUST-80362ad5,Premium,Active,2026-03-11,,499.0,Monthly,True
SUB-5cb2a85f,CUST-93c7cce5,Premium,Canceled,2026-02-25,2026-04-22,499.0,Monthly,False
SUB-fd038367,CUST-8b7b739e,Basic,Active,2025-03-12,,49.0,Monthly,True
SUB-a3939fc5,CUST-df4ae7ad,Premium,Active,2025-05-25,,499.0,Monthly,True
SUB-c25ee2bc,CUST-6e5ce4d4,Basic,Canceled,2024-08-22,2024-10-11,49.0,Monthly,False
SUB-879827f5,CUST-f1456537,Pro,Active,2025-04-20,,199.0,Monthly,True
SUB-110ea2c4,CUST-0dfbb5b1,Pro,Active,2024-10-27,,199.0,Monthly,True
SUB-54a72b50,CUST-d014145a,Basic,Active,2025-11-22,,49.0,Monthly,True
SUB-c9f4641b,CUST-2f356adc,Premium,Past Due,2025-01-20,,499.0,Monthly,True
SUB-23b43c1b,CUST-bb1f88f4,Enterprise,Canceled,2024-07-22,2025-08-16,1999.0,Monthly,False
SUB-0066a94f,CUST-c8a35565,Basic,Active,2024-09-28,,49.0,Monthly,True
SUB-42daaa28,CUST-433ef580,Premium,Canceled,2024-07-17,2025-09-19,499.0,Monthly,False
SUB-32864c18,CUST-fef128df,Basic,Canceled,2025-04-09,2025-12-09,49.0,Monthly,False
SUB-3351fd3b,CUST-d0c05d39,Pro,Active,2025-08-15,,199.0,Monthly,True
SUB-590a44ca,CUST-6f9d9cde,Pro,Canceled,2025-07-01,2026-05-06,199.0,Monthly,False
SUB-0eddf2c5,CUST-c56f4460,Pro,Active,2026-04-27,,199.0,Monthly,True
SUB-ea5f0c66,CUST-9508926d,Enterprise,Active,2025-03-10,,1999.0,Monthly,True
SUB-49551467,CUST-e09fb676,Premium,Canceled,2026-04-30,2026-05-31,499.0,Monthly,False
SUB-90e6fd53,CUST-d956737e,Premium,Active,2024-11-17,,499.0,Monthly,True
SUB-54cec244,CUST-d0740538,Basic,Active,2025-12-06,,49.0,Monthly,True
SUB-700becda,CUST-065ea90c,Enterprise,Past Due,2025-09-10,,1999.0,Monthly,True
SUB-bbb65d05,CUST-c1738d3c,Basic,Active,2025-12-25,,49.0,Monthly,True
SUB-16e2fb8c,CUST-bbfe28ee,Premium,Active,2024-06-06,,499.0,Monthly,True
SUB-fff6f263,CUST-1790fd5c,Basic,Canceled,2024-06-13,2025-08-31,49.0,Monthly,False
SUB-41594948,CUST-c722c0f5,Basic,Active,2024-05-19,,49.0,Monthly,True
SUB-52cdc1f6,CUST-23d932a7,Pro,Active,2024-06-25,,199.0,Monthly,True
SUB-2f4a5322,CUST-1397da96,Basic,Active,2024-05-15,,49.0,Monthly,True
SUB-ca1b1bb1,CUST-0b95d393,Basic,Active,2024-05-15,,49.0,Monthly,True
SUB-9220d00b,CUST-f195d056,Basic,Active,2024-12-27,,49.0,Monthly,True
SUB-de268681,CUST-e31297bb,Basic,Active,2024-05-09,,49.0,Monthly,True
SUB-47f86659,CUST-60da49cd,Basic,Active,2026-01-18,,49.0,Monthly,True
SUB-9d69d3f4,CUST-faf9160f,Basic,Active,2026-04-24,,49.0,Monthly,True
SUB-526d5c98,CUST-37c5940e,Pro,Past Due,2025-11-25,,199.0,Monthly,True
SUB-6124521f,CUST-f4056e06,Basic,Active,2026-02-17,,49.0,Monthly,True
SUB-b3249cb7,CUST-d10f422b,Pro,Canceled,2025-01-26,2025-10-19,199.0,Monthly,False
SUB-558e73cd,CUST-9a6226bd,Basic,Canceled,2025-10-27,2026-01-11,49.0,Monthly,False
SUB-697945ab,CUST-8144fd0d,Enterprise,Past Due,2026-01-29,,1999.0,Monthly,True
SUB-38bec67a,CUST-679ed425,Premium,Canceled,2024-06-28,2025-08-20,499.0,Monthly,False
SUB-ee185831,CUST-8ae77d73,Basic,Canceled,2024-05-20,2025-05-20,49.0,Monthly,False
SUB-a87c05d0,CUST-ed00f759,Premium,Active,2025-03-07,,499.0,Monthly,True
SUB-15331988,CUST-6a5f26f3,Premium,Active,2025-05-20,,499.0,Monthly,True
SUB-275b108a,CUST-741688ce,Enterprise,Canceled,2025-09-22,2026-05-04,1999.0,Monthly,False
SUB-1e3dad2d,CUST-da70f1c3,Pro,Canceled,2025-03-21,2025-10-31,199.0,Monthly,False
SUB-c30749e8,CUST-b864ed22,Basic,Active,2024-06-17,,49.0,Monthly,True
SUB-1aa65d74,CUST-de8f0cf8,Pro,Canceled,2025-02-21,2025-10-24,199.0,Monthly,False
SUB-35eb3498,CUST-c7d5949b,Pro,Active,2024-08-18,,199.0,Monthly,True
SUB-6b580b2a,CUST-4d4eeb2f,Pro,Canceled,2026-04-11,2026-05-11,199.0,Monthly,False
SUB-e29a1ab0,CUST-5cbaa8ac,Basic,Canceled,2025-04-02,2025-12-28,49.0,Monthly,False
SUB-1f9f669c,CUST-86882a24,Premium,Past Due,2024-12-11,,499.0,Monthly,True
SUB-f63742e2,CUST-be68bc71,Enterprise,Canceled,2025-02-26,2025-12-29,1999.0,Monthly,False
SUB-d7d7d5c0,CUST-08c53e14,Basic,Past Due,2026-01-29,,49.0,Monthly,True
SUB-ee337966,CUST-414c7cec,Basic,Active,2025-12-31,,49.0,Monthly,True
SUB-bb4f027d,CUST-94135c46,Basic,Canceled,2026-03-10,2026-04-16,49.0,Monthly,False
SUB-576fa3cf,CUST-60b2a797,Premium,Active,2024-11-29,,499.0,Monthly,True
SUB-4a24d01f,CUST-80002605,Pro,Active,2025-05-02,,199.0,Monthly,True
SUB-540d77de,CUST-552b9fda,Pro,Active,2026-03-29,,199.0,Monthly,True
SUB-07479a22,CUST-e15d4838,Pro,Active,2025-01-01,,199.0,Monthly,True
SUB-bb7e36d8,CUST-5370bd52,Pro,Active,2025-04-15,,199.0,Monthly,True
SUB-0129b097,CUST-8f72dc14,Basic,Canceled,2024-05-13,2025-01-02,49.0,Monthly,False
SUB-5b474f9b,CUST-fd010587,Pro,Active,2025-01-16,,199.0,Monthly,True
SUB-2361b56f,CUST-4c94d0e7,Premium,Active,2025-08-17,,499.0,Monthly,True
SUB-25a61717,CUST-8ba43c90,Enterprise,Active,2025-12-26,,1999.0,Monthly,True
SUB-b470a53c,CUST-a686a9a0,Enterprise,Canceled,2026-01-15,2026-04-15,1999.0,Monthly,False
SUB-7d9cbfa2,CUST-fa9a87d4,Enterprise,Canceled,2026-03-02,2026-04-08,1999.0,Monthly,False
SUB-5f948c64,CUST-89bcb53d,Pro,Canceled,2025-05-07,2026-03-21,199.0,Monthly,False
SUB-a85ebb0f,CUST-7a2f88e9,Pro,Canceled,2025-05-28,2025-10-16,199.0,Monthly,False
SUB-59756198,CUST-742e32b7,Premium,Canceled,2025-04-26,2026-01-19,499.0,Monthly,False
SUB-ae718119,CUST-262d7527,Enterprise,Active,2024-06-16,,1999.0,Monthly,True
SUB-3c2b44b8,CUST-849d9a28,Basic,Active,2024-06-10,,49.0,Monthly,True
SUB-3e976c28,CUST-8551d75d,Basic,Active,2025-11-29,,49.0,Monthly,True
SUB-181c9771,CUST-ee64003b,Basic,Canceled,2025-10-09,2026-04-12,49.0,Monthly,False
SUB-a4a02761,CUST-2131a0cf,Pro,Canceled,2025-09-08,2026-04-17,199.0,Monthly,False
SUB-cc595cf3,CUST-bea9d06d,Basic,Active,2026-03-31,,49.0,Monthly,True
SUB-3e5cc185,CUST-d3520c1f,Basic,Canceled,2025-06-19,2025-10-10,49.0,Monthly,False
SUB-ad50081a,CUST-a3c8567c,Basic,Active,2025-01-21,,49.0,Monthly,True
SUB-b2540d2e,CUST-50e69591,Basic,Active,2025-12-07,,49.0,Monthly,True
SUB-2a324968,CUST-938299d8,Premium,Past Due,2024-07-20,,499.0,Monthly,True
SUB-a494dc4b,CUST-e998d1f7,Basic,Active,2025-08-31,,49.0,Monthly,True
SUB-a7a4edf4,CUST-dbae06c1,Pro,Active,2024-05-24,,199.0,Monthly,True
SUB-52cd8708,CUST-e6104d3f,Pro,Active,2024-06-19,,199.0,Monthly,True
SUB-aa4b7a54,CUST-0d78a161,Premium,Active,2025-09-03,,499.0,Monthly,True
SUB-d97d7300,CUST-fc4de2e3,Basic,Active,2026-01-17,,49.0,Monthly,True
SUB-791f511b,CUST-48f84fb2,Enterprise,Canceled,2025-08-24,2025-10-12,1999.0,Monthly,False
SUB-1a809660,CUST-c4c4e773,Pro,Canceled,2024-09-21,2025-06-26,199.0,Monthly,False
SUB-ba439b54,CUST-cbc6c39b,Enterprise,Canceled,2025-06-02,2025-08-23,1999.0,Monthly,False
SUB-c5b3548c,CUST-f8572bc2,Enterprise,Active,2025-03-24,,1999.0,Monthly,True
SUB-caef8ca1,CUST-dd41dc26,Basic,Active,2025-07-03,,49.0,Monthly,True
SUB-043822b6,CUST-4c613a85,Basic,Canceled,2024-06-26,2026-04-01,49.0,Monthly,False
SUB-be3018f6,CUST-8b690836,Basic,Active,2024-09-19,,49.0,Monthly,True
SUB-e93b2581,CUST-6d4bd898,Pro,Active,2025-11-21,,199.0,Monthly,True
SUB-fa92fac1,CUST-d5c013fe,Basic,Active,2024-07-17,,49.0,Monthly,True
SUB-710f0cac,CUST-08925c36,Basic,Past Due,2025-07-27,,49.0,Monthly,True
SUB-23390d43,CUST-cd081517,Pro,Active,2024-05-17,,199.0,Monthly,True
SUB-4bbac236,CUST-5eb3c3b8,Basic,Active,2025-01-04,,49.0,Monthly,True
SUB-4a074390,CUST-fdc1c0ec,Basic,Past Due,2024-05-20,,49.0,Monthly,True
SUB-006bd682,CUST-84fea448,Pro,Active,2025-02-01,,199.0,Monthly,True
SUB-e99d664b,CUST-b78ed81a,Basic,Past Due,2024-09-01,,49.0,Monthly,True
SUB-d63be47d,CUST-849effe9,Basic,Active,2024-05-14,,49.0,Monthly,True
SUB-10d1b4b3,CUST-a7d52e02,Pro,Active,2025-11-29,,199.0,Monthly,True
SUB-6b7bf6aa,CUST-1dba7631,Pro,Active,2025-11-05,,199.0,Monthly,True
SUB-1c70d96d,CUST-b95eeb34,Premium,Active,2024-11-20,,499.0,Monthly,True
SUB-c3336258,CUST-b01f955d,Pro,Active,2026-01-31,,199.0,Monthly,True
SUB-693a4fec,CUST-ce16b0e1,Pro,Active,2026-04-19,,199.0,Monthly,True
SUB-ab3f8661,CUST-82a00925,Pro,Active,2026-02-26,,199.0,Monthly,True
SUB-8e7cb70d,CUST-67682818,Premium,Active,2024-08-02,,499.0,Monthly,True
SUB-4bdef932,CUST-98e44085,Premium,Canceled,2024-06-30,2026-01-15,499.0,Monthly,False
SUB-636b22c8,CUST-2e77d591,Premium,Active,2024-10-30,,499.0,Monthly,True
SUB-06aba21f,CUST-eb5dfa56,Pro,Active,2024-06-19,,199.0,Monthly,True
SUB-dc25d8e9,CUST-357b7960,Basic,Active,2025-05-14,,49.0,Monthly,True
SUB-5126b861,CUST-61dcbe72,Basic,Active,2026-03-24,,49.0,Monthly,True
SUB-807f0adb,CUST-47b838dc,Basic,Active,2024-09-01,,49.0,Monthly,True
SUB-0cdca990,CUST-c3c9c80a,Enterprise,Active,2025-11-20,,1999.0,Monthly,True
SUB-7981b420,CUST-ab53b700,Pro,Canceled,2026-03-02,2026-04-18,199.0,Monthly,False
SUB-7a437a73,CUST-aff07881,Premium,Active,2024-06-18,,499.0,Monthly,True
SUB-92f673de,CUST-4eaf4184,Basic,Active,2026-03-02,,49.0,Monthly,True
SUB-f6620bcd,CUST-5fe55e45,Premium,Active,2024-10-30,,499.0,Monthly,True
SUB-3f4d8ae7,CUST-9f4dca65,Basic,Canceled,2026-01-05,2026-03-11,49.0,Monthly,False
SUB-5e062104,CUST-bb7bce3b,Basic,Active,2024-09-04,,49.0,Monthly,True
SUB-19dc5661,CUST-9c3a5dc8,Basic,Canceled,2025-06-02,2025-11-03,49.0,Monthly,False
SUB-f3ac525b,CUST-e427ee9b,Pro,Active,2025-10-26,,199.0,Monthly,True
SUB-b20188d9,CUST-2bae8873,Pro,Canceled,2026-04-23,2026-05-24,199.0,Monthly,False
SUB-0813aafe,CUST-ca0c3d0a,Premium,Canceled,2026-03-22,2026-05-01,499.0,Monthly,False
SUB-08ee948f,CUST-04eb2a9d,Basic,Past Due,2025-04-05,,49.0,Monthly,True
SUB-3ca30b1a,CUST-19385970,Pro,Active,2026-03-18,,199.0,Monthly,True
SUB-9aa63588,CUST-837ee74e,Pro,Active,2024-05-28,,199.0,Monthly,True
SUB-33bb3dc4,CUST-4f4df38d,Basic,Active,2025-08-22,,49.0,Monthly,True
SUB-2a50e00c,CUST-1524a146,Premium,Canceled,2026-04-30,2026-05-31,499.0,Monthly,False
SUB-63884d86,CUST-18816421,Premium,Active,2025-12-11,,499.0,Monthly,True
SUB-79dd6d1b,CUST-96b70047,Premium,Active,2025-10-24,,499.0,Monthly,True
SUB-d572387f,CUST-e867116b,Premium,Active,2024-06-03,,499.0,Monthly,True
SUB-b324ac95,CUST-a8d6e9c1,Premium,Canceled,2024-10-26,2025-09-03,499.0,Monthly,False
SUB-0ab30346,CUST-cbfd530c,Basic,Active,2025-02-01,,49.0,Monthly,True
SUB-343a3b01,CUST-843d21ee,Premium,Active,2024-07-23,,499.0,Monthly,True
SUB-136cf9df,CUST-1eb8c14a,Basic,Active,2024-11-27,,49.0,Monthly,True
SUB-3469b5e7,CUST-604e12dd,Basic,Canceled,2026-03-03,2026-04-17,49.0,Monthly,False
SUB-3c5349da,CUST-053d4674,Basic,Active,2025-05-02,,49.0,Monthly,True
SUB-e4b9454a,CUST-0d53101c,Premium,Active,2025-09-19,,499.0,Monthly,True
SUB-46d8b7c3,CUST-e3ca8fdf,Premium,Active,2024-12-28,,499.0,Monthly,True
SUB-8a79983d,CUST-ac68aa70,Basic,Active,2024-09-12,,49.0,Monthly,True
SUB-443ebc02,CUST-c05b4b6d,Premium,Active,2024-07-12,,499.0,Monthly,True
SUB-d65413dc,CUST-fb538081,Enterprise,Canceled,2025-12-03,2026-03-05,1999.0,Monthly,False
SUB-c145296c,CUST-7d8148a0,Basic,Canceled,2025-12-24,2026-03-21,49.0,Monthly,False
SUB-db59d65b,CUST-d1e81d22,Basic,Active,2025-08-05,,49.0,Monthly,True
SUB-08a3ea29,CUST-f10cb580,Premium,Canceled,2025-06-03,2025-08-19,499.0,Monthly,False
SUB-5b06ffd3,CUST-1dfc7f66,Basic,Active,2024-07-05,,49.0,Monthly,True
SUB-abc828a4,CUST-067913d0,Pro,Canceled,2025-03-25,2025-11-17,199.0,Monthly,False
SUB-4ccf82c5,CUST-3f36a156,Basic,Canceled,2025-12-07,2026-04-04,49.0,Monthly,False
SUB-b7fb2244,CUST-0c2d91ad,Pro,Active,2025-09-21,,199.0,Monthly,True
SUB-a44cb1b7,CUST-7ffacf3e,Premium,Canceled,2025-12-09,2026-04-02,499.0,Monthly,False
SUB-f4033ec6,CUST-4ad5cbbd,Pro,Active,2026-04-06,,199.0,Monthly,True
SUB-f9164b15,CUST-220dd792,Premium,Active,2025-10-31,,499.0,Monthly,True
SUB-5f5cd247,CUST-528e7eab,Premium,Active,2024-06-19,,499.0,Monthly,True
SUB-b00b963d,CUST-0735c152,Premium,Active,2025-12-03,,499.0,Monthly,True
SUB-5cf0e020,CUST-9cf8f888,Pro,Canceled,2024-10-10,2025-10-13,199.0,Monthly,False
SUB-ddf1b5ab,CUST-75707daa,Basic,Canceled,2024-06-28,2025-07-23,49.0,Monthly,False
SUB-6bbbd479,CUST-5156ec81,Pro,Active,2026-01-31,,199.0,Monthly,True
SUB-193660cc,CUST-6efbb91b,Basic,Canceled,2025-06-16,2025-12-01,49.0,Monthly,False
SUB-318974cf,CUST-ca55489e,Premium,Canceled,2024-09-06,2025-08-15,499.0,Monthly,False
SUB-b9727612,CUST-70bb5d0f,Basic,Active,2025-12-29,,49.0,Monthly,True
SUB-1acda05b,CUST-547276dc,Pro,Active,2025-04-05,,199.0,Monthly,True
SUB-b34e4035,CUST-7837d6ea,Basic,Active,2025-03-25,,49.0,Monthly,True
SUB-3735eb3a,CUST-aaf94b57,Premium,Active,2025-06-13,,499.0,Monthly,True
SUB-f70f1453,CUST-4cf37234,Premium,Canceled,2025-03-21,2026-01-19,499.0,Monthly,False
SUB-0527ff83,CUST-53072c9e,Basic,Active,2024-08-05,,49.0,Monthly,True
SUB-df4bf638,CUST-eb79910c,Premium,Canceled,2025-04-08,2026-04-26,499.0,Monthly,False
SUB-a4bbce28,CUST-61f00f42,Basic,Active,2025-10-31,,49.0,Monthly,True
SUB-655da639,CUST-17cb34c0,Pro,Active,2025-05-31,,199.0,Monthly,True
SUB-5a70ce45,CUST-a6a752a8,Premium,Active,2025-05-23,,499.0,Monthly,True
SUB-548b8cfc,CUST-96b7841d,Basic,Active,2025-11-25,,49.0,Monthly,True
SUB-29bba2d8,CUST-1ab018d6,Enterprise,Active,2024-09-20,,1999.0,Monthly,True
SUB-653149dc,CUST-1765ce50,Basic,Active,2024-11-26,,49.0,Monthly,True
SUB-4f307c15,CUST-ccb5e68c,Basic,Active,2026-02-11,,49.0,Monthly,True
SUB-bcb42baf,CUST-2d55f928,Enterprise,Active,2025-01-26,,1999.0,Monthly,True
SUB-fc9b5f03,CUST-24ffe97e,Basic,Active,2026-02-21,,49.0,Monthly,True
SUB-b619c36b,CUST-856962a3,Enterprise,Canceled,2025-10-30,2026-01-26,1999.0,Monthly,False
SUB-f32d5186,CUST-ff80b300,Enterprise,Active,2024-09-17,,1999.0,Monthly,True
SUB-26d0bb6f,CUST-76fca5a2,Basic,Active,2024-10-29,,49.0,Monthly,True
SUB-6da4724d,CUST-623f9419,Pro,Active,2025-01-17,,199.0,Monthly,True
SUB-a6165a37,CUST-193ed1d8,Basic,Active,2026-04-20,,49.0,Monthly,True
SUB-f279099c,CUST-718109c8,Pro,Canceled,2026-04-22,2026-05-22,199.0,Monthly,False
SUB-1aa01500,CUST-e56b6a7e,Basic,Active,2025-06-16,,49.0,Monthly,True
SUB-7c2e91cd,CUST-4c846cd0,Basic,Active,2024-11-21,,49.0,Monthly,True
SUB-bb82400d,CUST-6bf6fa87,Basic,Canceled,2024-06-23,2024-11-29,49.0,Monthly,False
SUB-1ebdeacf,CUST-7729ce4c,Pro,Active,2025-11-10,,199.0,Monthly,True
SUB-4e2a0501,CUST-2606ee03,Enterprise,Active,2025-06-06,,1999.0,Monthly,True
SUB-3be76f3f,CUST-c6948307,Premium,Active,2025-06-12,,499.0,Monthly,True
SUB-49ab6cd8,CUST-8abd891d,Premium,Past Due,2025-10-29,,499.0,Monthly,True
SUB-75057f68,CUST-6a554766,Pro,Active,2024-10-31,,199.0,Monthly,True
SUB-4cb22977,CUST-20b2676e,Premium,Active,2025-06-24,,499.0,Monthly,True
SUB-c04b3192,CUST-c1c851c8,Basic,Canceled,2025-06-26,2026-01-16,49.0,Monthly,False
SUB-e4eaba28,CUST-20246ddc,Premium,Canceled,2025-04-14,2025-08-16,499.0,Monthly,False
SUB-dd1d5d8f,CUST-cdfca35a,Enterprise,Active,2025-11-28,,1999.0,Monthly,True
SUB-8805ce7a,CUST-07a5c73d,Basic,Active,2025-04-22,,49.0,Monthly,True
SUB-34b1956f,CUST-cb351f80,Pro,Canceled,2024-08-28,2026-01-29,199.0,Monthly,False
SUB-5618bfdd,CUST-1a745f11,Premium,Active,2024-09-14,,499.0,Monthly,True
SUB-936e69fa,CUST-9041ec25,Enterprise,Canceled,2025-05-26,2025-07-28,1999.0,Monthly,False
SUB-c5933597,CUST-6b1b1fa5,Premium,Canceled,2024-06-11,2025-08-25,499.0,Monthly,False
SUB-21a528b4,CUST-d137f591,Basic,Canceled,2025-07-23,2026-04-30,49.0,Monthly,False
SUB-14e01685,CUST-ae017018,Basic,Past Due,2025-11-12,,49.0,Monthly,True
SUB-68bb7721,CUST-12eb49e7,Basic,Active,2025-07-01,,49.0,Monthly,True
SUB-52b94dc7,CUST-97898471,Premium,Past Due,2025-07-13,,499.0,Monthly,True
SUB-045bdb6d,CUST-437adb51,Basic,Canceled,2025-03-25,2025-07-09,49.0,Monthly,False
SUB-53add20d,CUST-62cc3cb0,Premium,Active,2025-10-06,,499.0,Monthly,True
SUB-56d7efd7,CUST-86c6d587,Basic,Canceled,2024-07-02,2025-06-08,49.0,Monthly,False
SUB-f9096aa4,CUST-9be879fa,Basic,Past Due,2025-09-04,,49.0,Monthly,True
SUB-262c6e3b,CUST-3d7c0349,Pro,Active,2025-05-23,,199.0,Monthly,True
SUB-a30a7771,CUST-e146e934,Premium,Active,2026-01-19,,499.0,Monthly,True
SUB-df90e0b6,CUST-4f0a5c3e,Basic,Active,2024-08-13,,49.0,Monthly,True
SUB-eb05c022,CUST-7538e404,Pro,Active,2025-10-21,,199.0,Monthly,True
SUB-f8658705,CUST-cf9cb99a,Pro,Active,2024-06-07,,199.0,Monthly,True
SUB-cab3abb0,CUST-a4bf3b9f,Basic,Canceled,2025-12-08,2026-04-16,49.0,Monthly,False
SUB-b211d5c8,CUST-aec25cb8,Basic,Active,2025-07-18,,49.0,Monthly,True
SUB-e9766eef,CUST-49b7e286,Premium,Active,2025-01-30,,499.0,Monthly,True
SUB-f2b3f71f,CUST-58d7121b,Pro,Active,2025-08-10,,199.0,Monthly,True
SUB-d466b1a8,CUST-830abdc0,Basic,Canceled,2024-12-22,2026-04-06,49.0,Monthly,False
SUB-7208e497,CUST-5e8d064b,Premium,Canceled,2024-11-20,2025-10-17,499.0,Monthly,False
SUB-1af062ea,CUST-e90c6e55,Enterprise,Active,2024-09-07,,1999.0,Monthly,True
SUB-45280a89,CUST-bda53b39,Pro,Canceled,2025-06-06,2025-12-09,199.0,Monthly,False
SUB-1023033c,CUST-f40e61e7,Pro,Canceled,2024-06-11,2026-02-13,199.0,Monthly,False
SUB-e46e1e74,CUST-58a6d180,Premium,Active,2025-12-10,,499.0,Monthly,True
SUB-e23ab79c,CUST-939918be,Enterprise,Active,2025-04-01,,1999.0,Monthly,True
SUB-af8c3d03,CUST-17ef62b3,Premium,Active,2026-04-26,,499.0,Monthly,True
SUB-93b13000,CUST-2e5375d1,Pro,Active,2024-06-16,,199.0,Monthly,True
SUB-1727537f,CUST-8d38755b,Pro,Canceled,2024-07-01,2025-02-28,199.0,Monthly,False
SUB-733e5d92,CUST-fef091ff,Premium,Active,2025-02-08,,499.0,Monthly,True
SUB-9ab2b541,CUST-edb5e15d,Basic,Canceled,2024-07-26,2025-05-22,49.0,Monthly,False
SUB-4e328950,CUST-5b12676e,Pro,Active,2024-06-07,,199.0,Monthly,True
SUB-672197cc,CUST-cfab551c,Premium,Active,2025-03-03,,499.0,Monthly,True
SUB-1f124104,CUST-adabdc5a,Pro,Active,2025-09-15,,199.0,Monthly,True
SUB-a4217b91,CUST-507020f0,Pro,Past Due,2026-03-06,,199.0,Monthly,True
SUB-1393ebd5,CUST-d387ceae,Pro,Canceled,2025-03-08,2025-04-08,199.0,Monthly,False
SUB-3a24098a,CUST-f6514292,Basic,Canceled,2026-02-08,2026-04-05,49.0,Monthly,False
SUB-3bd3209a,CUST-d8e1f3cd,Pro,Active,2025-03-20,,199.0,Monthly,True
SUB-1491a206,CUST-445ef13a,Premium,Active,2024-09-18,,499.0,Monthly,True
SUB-0d1e2ba5,CUST-8407e4af,Basic,Active,2026-01-26,,49.0,Monthly,True
SUB-9b1cce6f,CUST-036f64f2,Basic,Active,2024-05-08,,49.0,Monthly,True
SUB-e7a892d4,CUST-6635a952,Enterprise,Active,2025-10-26,,1999.0,Monthly,True
SUB-52572765,CUST-1da61406,Basic,Active,2024-09-05,,49.0,Monthly,True
SUB-add30f28,CUST-a6e33b00,Basic,Active,2026-01-28,,49.0,Monthly,True
SUB-762f5390,CUST-5c09adc1,Enterprise,Canceled,2025-05-27,2025-10-23,1999.0,Monthly,False
SUB-61115be9,CUST-3caa962d,Premium,Active,2025-07-23,,499.0,Monthly,True
SUB-512cbba5,CUST-69410593,Pro,Active,2026-05-06,,199.0,Monthly,True
SUB-bc575e44,CUST-c666c845,Premium,Active,2024-12-03,,499.0,Monthly,True
SUB-86fd5e31,CUST-e2fd37f4,Basic,Active,2025-04-26,,49.0,Monthly,True
SUB-a720800e,CUST-120eb793,Premium,Active,2025-06-08,,499.0,Monthly,True
SUB-e77fec14,CUST-bcb7edf8,Pro,Canceled,2024-06-20,2025-09-28,199.0,Monthly,False
SUB-9971f7fd,CUST-a3d6e5ec,Premium,Canceled,2025-02-07,2025-05-06,499.0,Monthly,False
SUB-1ed357c0,CUST-75a2d98b,Pro,Active,2024-12-19,,199.0,Monthly,True
SUB-a74c52da,CUST-2b2bfdba,Pro,Active,2024-11-15,,199.0,Monthly,True
SUB-31027ae4,CUST-312938fd,Pro,Active,2025-08-17,,199.0,Monthly,True
SUB-7df803c0,CUST-49195643,Pro,Canceled,2024-09-20,2025-03-14,199.0,Monthly,False
SUB-de2aae32,CUST-80149380,Premium,Past Due,2025-12-21,,499.0,Monthly,True
SUB-3f7bb632,CUST-2d544a89,Pro,Active,2024-10-08,,199.0,Monthly,True
SUB-c25a1a46,CUST-ad91b077,Pro,Active,2025-01-24,,199.0,Monthly,True
SUB-fc7c034c,CUST-085a7924,Pro,Active,2026-01-03,,199.0,Monthly,True
SUB-e8ad799a,CUST-de82adb1,Pro,Active,2026-04-01,,199.0,Monthly,True
SUB-19cb7237,CUST-2e940709,Premium,Canceled,2026-05-04,2026-06-04,499.0,Monthly,False
SUB-4f86ae98,CUST-16d4582c,Premium,Active,2025-05-18,,499.0,Monthly,True
SUB-15b51897,CUST-84c09698,Pro,Active,2024-06-14,,199.0,Monthly,True
SUB-f215b0c9,CUST-714bd6b4,Enterprise,Active,2025-01-06,,1999.0,Monthly,True
SUB-362a9ceb,CUST-ee341a66,Premium,Canceled,2025-03-13,2025-11-04,499.0,Monthly,False
SUB-2a4fdfb9,CUST-82c8d8be,Pro,Canceled,2026-04-14,2026-05-15,199.0,Monthly,False
SUB-6ceabf6f,CUST-97d3d8e4,Pro,Active,2025-04-01,,199.0,Monthly,True
SUB-f5d368e1,CUST-e70bd133,Enterprise,Canceled,2025-10-28,2026-04-02,1999.0,Monthly,False
SUB-85c5c448,CUST-d6ef7ffb,Pro,Active,2025-02-01,,199.0,Monthly,True
SUB-b020dc08,CUST-3b20d8b3,Premium,Active,2024-10-23,,499.0,Monthly,True
SUB-8c94a33f,CUST-d11984dc,Pro,Active,2026-02-21,,199.0,Monthly,True
SUB-56da8b42,CUST-3af5845d,Pro,Active,2025-11-13,,199.0,Monthly,True
SUB-10b55755,CUST-a6fc897f,Basic,Active,2025-04-11,,49.0,Monthly,True
SUB-ae7d4624,CUST-66502c44,Pro,Past Due,2024-11-06,,199.0,Monthly,True
SUB-277faf9a,CUST-7d69a4ca,Enterprise,Active,2026-01-22,,1999.0,Monthly,True
SUB-57bc2fba,CUST-e5fe2b23,Pro,Canceled,2025-01-06,2026-01-16,199.0,Monthly,False
SUB-d614a0c0,CUST-2399b93c,Pro,Active,2026-02-18,,199.0,Monthly,True
SUB-1c620b2e,CUST-a46ba972,Enterprise,Active,2026-03-23,,1999.0,Monthly,True
SUB-07a5a863,CUST-a0a24116,Pro,Active,2025-11-02,,199.0,Monthly,True
SUB-c90ed284,CUST-3ac032b8,Pro,Canceled,2025-07-12,2025-12-26,199.0,Monthly,False
SUB-e395114e,CUST-0f4300a7,Premium,Active,2025-04-12,,499.0,Monthly,True
SUB-1eb86453,CUST-18c47b49,Premium,Active,2025-01-19,,499.0,Monthly,True
SUB-37401f55,CUST-139cee93,Basic,Canceled,2025-11-03,2026-01-16,49.0,Monthly,False
SUB-8c82d30c,CUST-e1bd2e79,Pro,Active,2026-03-14,,199.0,Monthly,True
SUB-b0bd39b3,CUST-b321b91d,Pro,Active,2025-12-23,,199.0,Monthly,True
SUB-4d20efc0,CUST-f2eb4c6d,Basic,Canceled,2025-07-14,2026-01-02,49.0,Monthly,False
SUB-b35192d3,CUST-968702e4,Pro,Active,2024-06-03,,199.0,Monthly,True
SUB-cdfb08e2,CUST-38c2a5b2,Pro,Active,2025-04-12,,199.0,Monthly,True
SUB-afa30a54,CUST-c30713a0,Basic,Active,2024-06-09,,49.0,Monthly,True
SUB-fd94bffc,CUST-282c92db,Pro,Active,2025-08-28,,199.0,Monthly,True
SUB-e078e7a7,CUST-0e2610e0,Basic,Past Due,2024-09-03,,49.0,Monthly,True
SUB-3e3ee9cd,CUST-97cbde60,Pro,Active,2025-07-14,,199.0,Monthly,True
SUB-93bd57e9,CUST-af683561,Premium,Active,2025-10-03,,499.0,Monthly,True
SUB-836293ce,CUST-bc3fb2d0,Premium,Active,2024-05-10,,499.0,Monthly,True
SUB-e96a0333,CUST-378af3ab,Basic,Canceled,2025-06-28,2025-10-18,49.0,Monthly,False
SUB-3c4f698e,CUST-e569da5e,Basic,Active,2024-11-27,,49.0,Monthly,True
SUB-59c6f3ae,CUST-8925dbd6,Basic,Active,2026-02-17,,49.0,Monthly,True
SUB-fbdff4d2,CUST-89533620,Pro,Canceled,2025-08-01,2025-11-12,199.0,Monthly,False
SUB-3e85b5ca,CUST-9be7d170,Basic,Active,2025-09-19,,49.0,Monthly,True
SUB-0c7ed861,CUST-b080e00f,Pro,Active,2025-02-05,,199.0,Monthly,True
SUB-3c48062e,CUST-ae0f44fc,Basic,Canceled,2025-10-21,2026-04-09,49.0,Monthly,False
SUB-5e614415,CUST-84aeccf2,Premium,Past Due,2025-12-03,,499.0,Monthly,True
SUB-72069635,CUST-8aab79ce,Basic,Past Due,2024-09-16,,49.0,Monthly,True
SUB-85e05077,CUST-17918c1c,Basic,Canceled,2025-07-29,2025-10-31,49.0,Monthly,False
SUB-d26ab44b,CUST-91de8665,Premium,Active,2024-11-24,,499.0,Monthly,True
SUB-93910681,CUST-11156cfe,Basic,Active,2024-09-17,,49.0,Monthly,True
SUB-a63f8881,CUST-f64fa4c3,Basic,Active,2026-01-29,,49.0,Monthly,True
SUB-af174f8c,CUST-80ce41ce,Pro,Active,2026-05-07,,199.0,Monthly,True
SUB-e9b1ea87,CUST-3e052394,Pro,Active,2025-04-29,,199.0,Monthly,True
SUB-16ed78b5,CUST-2872acb4,Premium,Canceled,2024-09-19,2026-04-27,499.0,Monthly,False
SUB-6fbde71d,CUST-7d4497d2,Basic,Active,2025-05-25,,49.0,Monthly,True
SUB-8ec7a1c0,CUST-299a503a,Pro,Canceled,2024-09-02,2024-11-26,199.0,Monthly,False
SUB-36c4c556,CUST-edd3b552,Basic,Active,2024-06-03,,49.0,Monthly,True
SUB-35aacff2,CUST-e0bba678,Basic,Canceled,2025-12-01,2026-04-02,49.0,Monthly,False
SUB-a4f75d77,CUST-080da586,Premium,Canceled,2025-07-21,2026-05-02,499.0,Monthly,False
SUB-46fbbac2,CUST-b520298d,Premium,Active,2025-07-21,,499.0,Monthly,True
SUB-9a16da0f,CUST-a4e24551,Basic,Active,2025-05-15,,49.0,Monthly,True
SUB-f3fca465,CUST-78ba4365,Pro,Active,2025-05-09,,199.0,Monthly,True
SUB-91ad5d48,CUST-28f39c37,Basic,Active,2025-10-04,,49.0,Monthly,True
SUB-ec81b8f7,CUST-3af3ee83,Premium,Canceled,2025-03-01,2025-08-25,499.0,Monthly,False
SUB-2ed63fe8,CUST-6dd472b0,Basic,Canceled,2024-12-03,2025-08-14,49.0,Monthly,False
SUB-d6553f5c,CUST-61f9c394,Basic,Active,2026-03-08,,49.0,Monthly,True
SUB-ff1c491d,CUST-aeb331e5,Pro,Active,2024-11-14,,199.0,Monthly,True
SUB-da9a05bf,CUST-ca7eff95,Pro,Past Due,2025-09-30,,199.0,Monthly,True
SUB-66ead203,CUST-a7c12151,Pro,Active,2025-03-03,,199.0,Monthly,True
SUB-c5f3b2c0,CUST-f33f4e02,Basic,Active,2025-08-16,,49.0,Monthly,True
SUB-6143a2a0,CUST-fccf0628,Basic,Canceled,2024-07-10,2025-01-18,49.0,Monthly,False
SUB-25d07f86,CUST-63748bb8,Pro,Canceled,2024-10-09,2025-09-22,199.0,Monthly,False
SUB-324a218a,CUST-6d0d4c61,Basic,Active,2025-03-01,,49.0,Monthly,True
SUB-160c5ac5,CUST-f79505dc,Premium,Active,2024-10-15,,499.0,Monthly,True
SUB-8849a2a3,CUST-e3ad43ab,Basic,Past Due,2026-03-01,,49.0,Monthly,True
SUB-86945562,CUST-2e4e6ff0,Pro,Active,2025-04-06,,199.0,Monthly,True
SUB-303938ab,CUST-fe255d4f,Pro,Active,2026-04-27,,199.0,Monthly,True
SUB-6014f9ca,CUST-965b3e1d,Basic,Active,2024-08-28,,49.0,Monthly,True
SUB-e01a80ce,CUST-006f8d23,Pro,Canceled,2024-10-13,2025-03-12,199.0,Monthly,False
SUB-f3060920,CUST-23f47afb,Premium,Active,2024-11-11,,499.0,Monthly,True
SUB-3a0926a7,CUST-e6dfd6f8,Basic,Active,2025-11-19,,49.0,Monthly,True
SUB-cd6f71f9,CUST-6a61bd4e,Enterprise,Canceled,2025-01-29,2026-03-01,1999.0,Monthly,False
SUB-c038463e,CUST-25c76e06,Pro,Canceled,2024-05-22,2025-04-15,199.0,Monthly,False
SUB-d10b3994,CUST-5c3501c1,Basic,Active,2024-08-30,,49.0,Monthly,True
SUB-438ce1c6,CUST-5421dac1,Pro,Active,2025-09-04,,199.0,Monthly,True
SUB-bfc6224b,CUST-ddaa84de,Basic,Active,2024-07-18,,49.0,Monthly,True
SUB-f2e728e6,CUST-5ca98895,Premium,Canceled,2024-07-27,2025-12-22,499.0,Monthly,False
SUB-00f490c0,CUST-385168c4,Premium,Canceled,2026-03-23,2026-04-29,499.0,Monthly,False
SUB-70e44840,CUST-55b35881,Premium,Active,2024-10-22,,499.0,Monthly,True
SUB-a378fcde,CUST-d5780f73,Enterprise,Active,2025-03-25,,1999.0,Monthly,True
SUB-dcc2ad58,CUST-f1a7757f,Premium,Canceled,2024-07-09,2025-02-19,499.0,Monthly,False
SUB-4f1844ce,CUST-2fa31bc6,Pro,Active,2025-01-14,,199.0,Monthly,True
SUB-d3f91536,CUST-e068850e,Basic,Active,2025-01-30,,49.0,Monthly,True
SUB-6d9e15e8,CUST-38586e34,Pro,Active,2026-02-09,,199.0,Monthly,True
SUB-392458be,CUST-fbc83c96,Basic,Active,2025-12-01,,49.0,Monthly,True
SUB-da00fe0a,CUST-7d7661ce,Premium,Active,2024-10-03,,499.0,Monthly,True
SUB-e4cc02b8,CUST-9c9d1f25,Pro,Canceled,2025-12-02,2026-04-12,199.0,Monthly,False
SUB-0e9a6477,CUST-ddb1e5a1,Basic,Canceled,2024-08-13,2025-11-10,49.0,Monthly,False
SUB-9abf096f,CUST-09fc0fb3,Basic,Active,2024-09-01,,49.0,Monthly,True
SUB-47153a20,CUST-a1472ce2,Basic,Active,2026-04-21,,49.0,Monthly,True
SUB-f353e4df,CUST-513f13e0,Pro,Active,2024-05-13,,199.0,Monthly,True
SUB-48592fba,CUST-9e3c6478,Pro,Past Due,2024-08-21,,199.0,Monthly,True
SUB-0540ffd9,CUST-199c2696,Pro,Active,2024-08-06,,199.0,Monthly,True
SUB-db520863,CUST-fb0eee8f,Pro,Canceled,2026-01-23,2026-05-07,199.0,Monthly,False
SUB-758a3c06,CUST-e25fe3c0,Pro,Active,2025-06-22,,199.0,Monthly,True
SUB-2abb7635,CUST-8116f475,Basic,Active,2024-11-07,,49.0,Monthly,True
SUB-2eb84d33,CUST-770ddcce,Basic,Active,2025-11-23,,49.0,Monthly,True
SUB-dab7f86a,CUST-dd860064,Pro,Canceled,2026-05-02,2026-06-02,199.0,Monthly,False
SUB-283df5dd,CUST-e4dbd38d,Pro,Canceled,2025-07-28,2025-11-23,199.0,Monthly,False
SUB-0d0c9e54,CUST-24820ce9,Basic,Canceled,2025-08-19,2025-12-12,49.0,Monthly,False
SUB-27ac3913,CUST-1800dd8d,Basic,Canceled,2025-04-01,2026-02-07,49.0,Monthly,False
SUB-861708b4,CUST-fd71a399,Basic,Active,2025-08-20,,49.0,Monthly,True
SUB-b7fb0105,CUST-39164db8,Pro,Active,2024-07-25,,199.0,Monthly,True
SUB-e518c102,CUST-d32c5846,Basic,Active,2025-06-17,,49.0,Monthly,True
SUB-c47ef722,CUST-127420f7,Pro,Active,2025-10-01,,199.0,Monthly,True
SUB-128dd17d,CUST-a06a15c2,Premium,Active,2025-07-08,,499.0,Monthly,True
SUB-a5c95206,CUST-9e751c77,Basic,Active,2025-09-09,,49.0,Monthly,True
SUB-b8a9ed08,CUST-15a1b230,Enterprise,Active,2025-12-09,,1999.0,Monthly,True
SUB-185d16c4,CUST-f07a9d8a,Pro,Active,2025-08-06,,199.0,Monthly,True
SUB-7f87ef13,CUST-0f8dafb1,Pro,Active,2025-01-23,,199.0,Monthly,True
SUB-4c35025c,CUST-f462e572,Pro,Canceled,2024-10-10,2025-09-30,199.0,Monthly,False
SUB-5322653c,CUST-b539a44b,Pro,Active,2025-07-31,,199.0,Monthly,True
SUB-5efb17c7,CUST-d5d86457,Pro,Active,2025-08-28,,199.0,Monthly,True
SUB-ab928f33,CUST-7451acfe,Pro,Active,2025-07-27,,199.0,Monthly,True
SUB-8acecc17,CUST-85cef7dd,Basic,Active,2024-12-15,,49.0,Monthly,True
SUB-dd35d100,CUST-30fd8ae7,Basic,Active,2024-12-30,,49.0,Monthly,True
SUB-d90363e2,CUST-72166496,Basic,Active,2025-08-09,,49.0,Monthly,True
SUB-9a8f3c85,CUST-04ab9914,Basic,Active,2026-01-31,,49.0,Monthly,True
SUB-a80abe27,CUST-da152191,Basic,Active,2025-01-03,,49.0,Monthly,True
SUB-aee934c8,CUST-fb326979,Basic,Past Due,2026-04-26,,49.0,Monthly,True
SUB-06dc4c7d,CUST-53c7df35,Premium,Active,2025-09-21,,499.0,Monthly,True
SUB-f24f1304,CUST-2ff11590,Premium,Active,2025-01-23,,499.0,Monthly,True
SUB-a02aae05,CUST-e1557fc8,Enterprise,Active,2026-01-02,,1999.0,Monthly,True
SUB-fdf1c6d9,CUST-710834fd,Pro,Active,2025-08-05,,199.0,Monthly,True
SUB-a9a59ac4,CUST-74d4074a,Premium,Active,2024-07-03,,499.0,Monthly,True
SUB-18acef82,CUST-4c7b21c2,Premium,Active,2025-08-04,,499.0,Monthly,True
SUB-a94b5557,CUST-d971a88c,Pro,Active,2025-12-21,,199.0,Monthly,True
SUB-f17c7a48,CUST-79b6296a,Basic,Active,2025-09-26,,49.0,Monthly,True
SUB-8e4fa4e7,CUST-e9f5ab3a,Enterprise,Active,2024-06-02,,1999.0,Monthly,True
SUB-0f51aff0,CUST-79022429,Pro,Canceled,2026-01-02,2026-04-25,199.0,Monthly,False
SUB-73ef8e58,CUST-6a3a2bbc,Pro,Canceled,2025-12-29,2026-02-16,199.0,Monthly,False
SUB-a3ad8247,CUST-6b83044a,Basic,Canceled,2024-09-22,2025-01-06,49.0,Monthly,False
SUB-356ba4b9,CUST-9ebe17bf,Basic,Active,2025-07-09,,49.0,Monthly,True
SUB-52d2878d,CUST-29fae1cc,Premium,Active,2026-02-06,,499.0,Monthly,True
SUB-cb331416,CUST-84ea2760,Pro,Active,2025-11-20,,199.0,Monthly,True
SUB-ded9c06c,CUST-e06bec91,Basic,Active,2024-10-03,,49.0,Monthly,True
SUB-3fc2f7ea,CUST-25843f67,Basic,Active,2025-04-19,,49.0,Monthly,True
SUB-efec0db1,CUST-b816b9ad,Pro,Active,2025-06-05,,199.0,Monthly,True
SUB-843d7eb3,CUST-2adaf15e,Pro,Canceled,2024-06-04,2026-01-01,199.0,Monthly,False
SUB-5b9381d3,CUST-5971db78,Basic,Active,2026-02-10,,49.0,Monthly,True
SUB-d6adf009,CUST-35bc9068,Premium,Canceled,2025-05-14,2025-11-22,499.0,Monthly,False
SUB-45cddb70,CUST-9d2ca3e2,Basic,Active,2025-09-15,,49.0,Monthly,True
SUB-881babda,CUST-210f9436,Basic,Active,2024-12-12,,49.0,Monthly,True
SUB-e012802b,CUST-2a67390c,Pro,Active,2026-03-19,,199.0,Monthly,True
SUB-4351e6a9,CUST-6b8f3170,Basic,Active,2025-06-22,,49.0,Monthly,True
SUB-ca69e899,CUST-a82e02f2,Premium,Canceled,2026-02-25,2026-05-05,499.0,Monthly,False
SUB-0ecd3355,CUST-16de82b8,Premium,Past Due,2024-07-17,,499.0,Monthly,True
SUB-5b796d6f,CUST-e2a77980,Premium,Active,2025-11-28,,499.0,Monthly,True
SUB-ec2c791b,CUST-2eac505c,Basic,Canceled,2024-09-12,2025-08-02,49.0,Monthly,False
SUB-1828d8d4,CUST-3f3c783a,Basic,Active,2025-08-19,,49.0,Monthly,True
SUB-2d511dfc,CUST-00f7a941,Basic,Canceled,2025-03-11,2026-04-27,49.0,Monthly,False
SUB-2a2c2950,CUST-50b81a0f,Pro,Past Due,2025-08-08,,199.0,Monthly,True
SUB-bf9edb29,CUST-d72429e4,Premium,Active,2025-10-13,,499.0,Monthly,True
SUB-38646b9a,CUST-002c5a55,Premium,Active,2024-09-20,,499.0,Monthly,True
SUB-dd3fbccf,CUST-0e113f52,Premium,Active,2026-04-13,,499.0,Monthly,True
SUB-cc108596,CUST-f458a803,Enterprise,Active,2025-07-29,,1999.0,Monthly,True
SUB-9258ef03,CUST-6dde2ce4,Premium,Active,2025-02-09,,499.0,Monthly,True
SUB-283e58a1,CUST-583c9016,Basic,Canceled,2026-02-08,2026-03-29,49.0,Monthly,False
SUB-4a7ec2bc,CUST-d6f7d2a0,Basic,Canceled,2025-11-05,2025-12-12,49.0,Monthly,False
SUB-fd19d2f9,CUST-1d8f9187,Pro,Past Due,2024-11-17,,199.0,Monthly,True
SUB-e780e4e9,CUST-3ee22b5c,Basic,Active,2024-09-10,,49.0,Monthly,True
SUB-9024bc59,CUST-5a84f77e,Basic,Active,2026-02-13,,49.0,Monthly,True
SUB-c630819a,CUST-e902c373,Pro,Active,2025-10-24,,199.0,Monthly,True
SUB-431d916b,CUST-24e4a87d,Premium,Active,2025-05-17,,499.0,Monthly,True
SUB-aeae0266,CUST-ab8797cd,Basic,Active,2025-12-13,,49.0,Monthly,True
SUB-f125ac40,CUST-12b7f8ea,Premium,Active,2026-03-06,,499.0,Monthly,True
SUB-9b04e4df,CUST-665ab41c,Premium,Active,2024-06-07,,499.0,Monthly,True
SUB-1217b8c1,CUST-051bbe6e,Pro,Canceled,2025-03-13,2025-07-08,199.0,Monthly,False
SUB-74a6bfd4,CUST-3cf4e609,Basic,Active,2025-10-15,,49.0,Monthly,True
SUB-948d977f,CUST-c094c78f,Basic,Active,2026-02-26,,49.0,Monthly,True
SUB-7adca09f,CUST-2da09d3b,Premium,Active,2025-08-28,,499.0,Monthly,True
SUB-759378bf,CUST-67e9cec6,Premium,Active,2025-10-19,,499.0,Monthly,True
SUB-d8a295ef,CUST-67483be3,Premium,Active,2025-02-06,,499.0,Monthly,True
SUB-ed1f9b60,CUST-8cca6b6d,Pro,Active,2024-05-23,,199.0,Monthly,True
SUB-6d2bbbab,CUST-f080fb6f,Basic,Canceled,2024-06-25,2025-03-19,49.0,Monthly,False
SUB-d0338379,CUST-f7b14f6c,Basic,Active,2025-02-12,,49.0,Monthly,True
SUB-4cb3aedc,CUST-99ffcd3c,Premium,Active,2025-09-14,,499.0,Monthly,True
SUB-984b84db,CUST-09887606,Basic,Canceled,2024-08-07,2025-05-25,49.0,Monthly,False
SUB-5da49774,CUST-0ed81a6a,Basic,Canceled,2024-05-13,2026-04-25,49.0,Monthly,False
SUB-26d8bcdb,CUST-8814fd1f,Pro,Past Due,2025-10-20,,199.0,Monthly,True
SUB-5ad31cf7,CUST-483c60f8,Basic,Active,2024-06-30,,49.0,Monthly,True
SUB-d9fa5fc7,CUST-b4d2d6e4,Basic,Active,2025-01-03,,49.0,Monthly,True
SUB-38284a40,CUST-6998440a,Pro,Active,2026-04-10,,199.0,Monthly,True
SUB-fe626e6f,CUST-71ddaf9d,Basic,Active,2026-01-26,,49.0,Monthly,True
SUB-41366ed7,CUST-8aad30ab,Basic,Active,2025-01-09,,49.0,Monthly,True
SUB-8bab06e2,CUST-c4728ad9,Premium,Active,2024-07-11,,499.0,Monthly,True
SUB-6ed36cf0,CUST-9b8f1b99,Premium,Active,2025-07-31,,499.0,Monthly,True
SUB-f74e1d1b,CUST-d5eb10ea,Basic,Active,2026-02-06,,49.0,Monthly,True
SUB-87bba5bd,CUST-b1b90856,Premium,Active,2025-01-28,,499.0,Monthly,True
SUB-b973efa0,CUST-d00ce93d,Basic,Active,2025-03-20,,49.0,Monthly,True
SUB-c42372ce,CUST-c4e0d532,Pro,Active,2025-06-18,,199.0,Monthly,True
SUB-5ae78916,CUST-73c557ed,Premium,Active,2024-12-26,,499.0,Monthly,True
SUB-a651ffd3,CUST-9a714ef8,Premium,Active,2026-03-20,,499.0,Monthly,True
SUB-78cc3e9e,CUST-b87fc3b6,Premium,Active,2025-09-18,,499.0,Monthly,True
SUB-3d0fdcc3,CUST-654f2566,Basic,Active,2024-10-05,,49.0,Monthly,True
SUB-54114350,CUST-0d15833f,Basic,Active,2026-01-09,,49.0,Monthly,True
SUB-dadb9f44,CUST-14cf1de7,Premium,Active,2025-10-06,,499.0,Monthly,True
SUB-f9d2d04c,CUST-c88f1e95,Basic,Canceled,2025-04-19,2025-10-17,49.0,Monthly,False
SUB-634e10e1,CUST-56142681,Basic,Canceled,2024-10-06,2024-11-27,49.0,Monthly,False
SUB-a6d8145c,CUST-9f829f30,Premium,Active,2024-11-24,,499.0,Monthly,True
SUB-2a55ff9b,CUST-69acd5fb,Premium,Active,2026-02-09,,499.0,Monthly,True
SUB-535e08e5,CUST-71aa2d1c,Premium,Active,2025-12-25,,499.0,Monthly,True
SUB-94534804,CUST-cdc31391,Basic,Active,2024-12-23,,49.0,Monthly,True
SUB-d55137d5,CUST-12536090,Premium,Active,2025-10-29,,499.0,Monthly,True
SUB-bf3bacbb,CUST-eaaa9b3e,Basic,Canceled,2024-07-29,2024-10-17,49.0,Monthly,False
SUB-b0131332,CUST-074ab72a,Basic,Active,2025-04-05,,49.0,Monthly,True
SUB-74621d69,CUST-7320bf8f,Pro,Active,2024-12-28,,199.0,Monthly,True
SUB-7a705302,CUST-28e383f7,Basic,Canceled,2026-04-02,2026-05-04,49.0,Monthly,False
SUB-69475761,CUST-3fac006b,Basic,Canceled,2025-07-08,2025-12-02,49.0,Monthly,False
SUB-01addea4,CUST-57b0cd8d,Pro,Canceled,2025-10-24,2026-04-27,199.0,Monthly,False
SUB-75215488,CUST-471d405e,Basic,Active,2025-01-11,,49.0,Monthly,True
SUB-ff82b9dc,CUST-6bc876c4,Basic,Active,2024-07-19,,49.0,Monthly,True
SUB-12245d1e,CUST-c036c01c,Basic,Active,2025-12-24,,49.0,Monthly,True
SUB-56a5286c,CUST-983e5a9a,Pro,Active,2026-03-18,,199.0,Monthly,True
SUB-40710e00,CUST-d25fbd3a,Pro,Active,2025-12-06,,199.0,Monthly,True
SUB-47daf686,CUST-a2554258,Premium,Active,2024-09-29,,499.0,Monthly,True
SUB-647cd5c2,CUST-f1fa2eaa,Premium,Canceled,2024-06-22,2024-12-09,499.0,Monthly,False
SUB-50629de6,CUST-c0ff1e61,Pro,Active,2025-09-06,,199.0,Monthly,True
SUB-b6d1e10b,CUST-f1c921e9,Premium,Active,2024-08-02,,499.0,Monthly,True
SUB-87a63655,CUST-15a94920,Basic,Active,2024-05-26,,49.0,Monthly,True
SUB-cd442998,CUST-101127c9,Basic,Active,2025-02-24,,49.0,Monthly,True
SUB-3d309ee9,CUST-35d006d6,Premium,Active,2024-09-02,,499.0,Monthly,True
SUB-8136f5e1,CUST-259df05d,Basic,Active,2024-07-04,,49.0,Monthly,True
SUB-152a35b9,CUST-fac15203,Enterprise,Active,2024-06-28,,1999.0,Monthly,True
SUB-85b8088e,CUST-5592705c,Pro,Canceled,2026-04-03,2026-05-03,199.0,Monthly,False
SUB-9a8461da,CUST-f91b5040,Premium,Active,2025-03-31,,499.0,Monthly,True
SUB-8e55cf6f,CUST-84193de4,Pro,Canceled,2025-09-27,2026-01-18,199.0,Monthly,False
SUB-ac26bdec,CUST-ec4a6918,Pro,Active,2024-06-27,,199.0,Monthly,True
SUB-7fe92b3a,CUST-eab4156b,Basic,Active,2025-02-09,,49.0,Monthly,True
SUB-939ab79a,CUST-022e23b5,Premium,Active,2025-07-08,,499.0,Monthly,True
